[
{
  "model": "usuarios.invitekey",
  "pk": 1,
  "fields": {
    "token": "fcc8bbfac2e847869687c1b0e6421662",
    "rol": "PSICOLOGO",
    "max_uses": 2,
    "used_count": 0,
    "expires_at": "2025-10-16T05:59:00Z",
    "revoked": true,
    "created_by": 2,
    "created_at": "2025-10-15T15:57:06.243Z"
  }
},
{
  "model": "usuarios.invitekey",
  "pk": 2,
  "fields": {
    "token": "56d832ed0dde422e88d3908694b80d8f",
    "rol": "PSICOLOGO",
    "max_uses": 1,
    "used_count": 0,
    "expires_at": null,
    "revoked": true,
    "created_by": 2,
    "created_at": "2025-10-15T16:00:47.240Z"
  }
},
{
  "model": "usuarios.invitekey",
  "pk": 3,
  "fields": {
    "token": "9088cc8f59a04c1a91de97ad8d1cea91",
    "rol": "PSICOLOGO",
    "max_uses": 1,
    "used_count": 0,
    "expires_at": null,
    "revoked": true,
    "created_by": 2,
    "created_at": "2025-10-15T16:43:27.203Z"
  }
},
{
  "model": "usuarios.invitekey",
  "pk": 4,
  "fields": {
    "token": "1e4c78884a554d868304f15db2b5a165",
    "rol": "PSICOLOGO",
    "max_uses": 10,
    "used_count": 1,
    "expires_at": "2025-10-26T05:59:00Z",
    "revoked": true,
    "created_by": 2,
    "created_at": "2025-10-15T16:51:09.078Z"
  }
},
{
  "model": "usuarios.invitekey",
  "pk": 5,
  "fields": {
    "token": "6b9b36d0bf444bcea27053b249c1c545",
    "rol": "PSICOLOGO",
    "max_uses": 1,
    "used_count": 1,
    "expires_at": null,
    "revoked": false,
    "created_by": 2,
    "created_at": "2025-10-15T17:00:57.910Z"
  }
},
{
  "model": "usuarios.invitekey",
  "pk": 6,
  "fields": {
    "token": "5acdfce9b26248f49191622703002600",
    "rol": "PSICOLOGO",
    "max_uses": 5,
    "used_count": 0,
    "expires_at": "2025-11-01T02:04:00Z",
    "revoked": true,
    "created_by": 2,
    "created_at": "2025-10-19T02:04:23.851Z"
  }
},
{
  "model": "usuarios.invitekey",
  "pk": 7,
  "fields": {
    "token": "04667319342c4708ad8e1f26e89f33ed",
    "rol": "PSICOLOGO",
    "max_uses": 5,
    "used_count": 0,
    "expires_at": "2025-11-01T02:04:00Z",
    "revoked": true,
    "created_by": 2,
    "created_at": "2025-10-19T02:04:23.856Z"
  }
},
{
  "model": "usuarios.invitekey",
  "pk": 8,
  "fields": {
    "token": "92a642e6e3f041d3a929a9ee1f66932b",
    "rol": "PSICOLOGO",
    "max_uses": 5,
    "used_count": 0,
    "expires_at": "2025-11-01T02:04:00Z",
    "revoked": true,
    "created_by": 2,
    "created_at": "2025-10-19T02:04:57.158Z"
  }
},
{
  "model": "usuarios.invitekey",
  "pk": 9,
  "fields": {
    "token": "3db395fbc5b84b17afcccba2da7f3bc5",
    "rol": "PSICOLOGO",
    "max_uses": 5,
    "used_count": 0,
    "expires_at": "2025-11-01T02:04:00Z",
    "revoked": true,
    "created_by": 2,
    "created_at": "2025-10-19T02:04:57.168Z"
  }
},
{
  "model": "usuarios.invitekey",
  "pk": 10,
  "fields": {
    "token": "36f4083b613746e89929521c067617fd",
    "rol": "PSICOLOGO",
    "max_uses": 5,
    "used_count": 0,
    "expires_at": "2025-11-01T02:14:00Z",
    "revoked": true,
    "created_by": 2,
    "created_at": "2025-10-19T02:15:00.526Z"
  }
},
{
  "model": "usuarios.invitekey",
  "pk": 11,
  "fields": {
    "token": "24635770500848c0bd808619ee2106ce",
    "rol": "PSICOLOGO",
    "max_uses": 1,
    "used_count": 0,
    "expires_at": "2025-10-31T17:10:00Z",
    "revoked": true,
    "created_by": 2,
    "created_at": "2025-10-20T17:10:03.989Z"
  }
},
{
  "model": "usuarios.invitekey",
  "pk": 12,
  "fields": {
    "token": "68c84a34b8ad4a8bab7b49e31c6f68dd",
    "rol": "PSICOLOGO",
    "max_uses": 3,
    "used_count": 0,
    "expires_at": "2025-10-31T18:17:00Z",
    "revoked": true,
    "created_by": 2,
    "created_at": "2025-10-20T18:17:52.954Z"
  }
},
{
  "model": "usuarios.invitekey",
  "pk": 13,
  "fields": {
    "token": "7db09e7e028343e19b31e8ace977f4ef",
    "rol": "PSICOLOGO",
    "max_uses": 5,
    "used_count": 0,
    "expires_at": "2025-10-24T07:08:00Z",
    "revoked": false,
    "created_by": 2,
    "created_at": "2025-10-24T14:08:54.443Z"
  }
},
{
  "model": "usuarios.invitekey",
  "pk": 14,
  "fields": {
    "token": "1e246557aeae4c6e8874201d7f2e08ad",
    "rol": "PSICOLOGO",
    "max_uses": 4,
    "used_count": 1,
    "expires_at": "2025-12-07T05:59:00Z",
    "revoked": false,
    "created_by": 2,
    "created_at": "2025-11-05T00:07:59.705Z"
  }
},
{
  "model": "usuarios.invitekey",
  "pk": 15,
  "fields": {
    "token": "707a9dea671144a6b00663e631f8ed15",
    "rol": "PSICOLOGO",
    "max_uses": 1,
    "used_count": 0,
    "expires_at": "2025-12-04T03:48:00Z",
    "revoked": false,
    "created_by": 2,
    "created_at": "2025-11-07T03:48:47.478Z"
  }
},
{
  "model": "usuarios.invitekey",
  "pk": 16,
  "fields": {
    "token": "2651e55056134ae6a2cfe0d06341d5f2",
    "rol": "PSICOLOGO",
    "max_uses": 5,
    "used_count": 0,
    "expires_at": "2026-02-01T01:01:00Z",
    "revoked": false,
    "created_by": 2,
    "created_at": "2026-01-23T01:01:16.232Z"
  }
},
{
  "model": "resultados.prediccionriesgo",
  "pk": 1,
  "fields": {
    "estudiante": 20,
    "features": {
      "CASO_MEAN": null,
      "CASO_TOTAL": null,
      "ML_MISSING": [
        "X_PANAS_Negativo",
        "X_WHOQOL_PSYCH_MEAN",
        "X_WHOQOL_PHYS_MEAN",
        "X_CASO_MEAN",
        "X_WHOQOL_SOCIAL_MEAN"
      ],
      "CASO_INTERP": "Suma de 30 ítems (1–5). Altas = buena asertividad. Bajas = pasividad o agresividad indirecta. Media teórica: 90.",
      "CASO_N_RESP": 0,
      "X_CASO_MEAN": null,
      "PANAS_N_RESP": 1,
      "PANAS_NEG_SUM": null,
      "PANAS_POS_SUM": 1.0,
      "WHOQOL_N_RESP": 0,
      "PANAS_NEG_MEAN": null,
      "PANAS_POS_MEAN": 1.0,
      "CASO_SESSION_ID": 21,
      "ML_FEATURE_COLS": [
        "X_PANAS_Negativo",
        "X_WHOQOL_PSYCH_MEAN",
        "X_WHOQOL_PHYS_MEAN",
        "X_CASO_MEAN",
        "X_PANAS_Positivo",
        "X_WHOQOL_SOCIAL_MEAN"
      ],
      "WHOQOL_ENV_MEAN": null,
      "PANAS_SESSION_ID": 24,
      "WHOQOL_PHYS_MEAN": null,
      "X_PANAS_Negativo": null,
      "X_PANAS_Positivo": 1.0,
      "WHOQOL_PSYCH_MEAN": null,
      "WHOQOL_SESSION_ID": 25,
      "WHOQOL_TOTAL_MEAN": null,
      "WHOQOL_SOCIAL_MEAN": null,
      "X_WHOQOL_PHYS_MEAN": null,
      "WHOQOL_OVERALL_MEAN": null,
      "X_WHOQOL_PSYCH_MEAN": null,
      "X_WHOQOL_SOCIAL_MEAN": null
    },
    "probabilidad": null,
    "nivel": "SIN_DATOS",
    "modelo_version": "bundle_incomplete",
    "actualizado": "2026-02-09T03:02:35.240Z"
  }
},
{
  "model": "resultados.prediccionriesgo",
  "pk": 2,
  "fields": {
    "estudiante": 4,
    "features": {
      "thr_alto": 0.76802567739872,
      "CASO_MEAN": 1.0,
      "ML_INPUTS": {
        "X_CASO_MEAN": 1.0,
        "X_PANAS_Negativo": 1.0,
        "X_PANAS_Positivo": 1.0,
        "X_WHOQOL_PHYS_MEAN": 2.142857142857143,
        "X_WHOQOL_PSYCH_MEAN": 1.6666666666666667,
        "X_WHOQOL_SOCIAL_MEAN": 1.0
      },
      "thr_medio": 0.29188274042873724,
      "CASO_TOTAL": 30.0,
      "CASO_INTERP": "Suma de 30 ítems (1–5). Altas = buena asertividad. Bajas = pasividad o agresividad indirecta. Media teórica: 90.",
      "CASO_N_RESP": 30,
      "X_CASO_MEAN": 1.0,
      "PANAS_N_RESP": 20,
      "PANAS_NEG_SUM": 10.0,
      "PANAS_POS_SUM": 10.0,
      "WHOQOL_N_RESP": 26,
      "PANAS_NEG_MEAN": 1.0,
      "PANAS_POS_MEAN": 1.0,
      "CASO_SESSION_ID": 16,
      "WHOQOL_ENV_MEAN": 1.0,
      "PANAS_SESSION_ID": 19,
      "WHOQOL_PHYS_MEAN": 2.142857142857143,
      "X_PANAS_Negativo": 1.0,
      "X_PANAS_Positivo": 1.0,
      "WHOQOL_PSYCH_MEAN": 1.6666666666666667,
      "WHOQOL_SESSION_ID": 20,
      "WHOQOL_TOTAL_MEAN": 1.4615384615384615,
      "WHOQOL_SOCIAL_MEAN": 1.0,
      "X_WHOQOL_PHYS_MEAN": 2.142857142857143,
      "WHOQOL_OVERALL_MEAN": 1.0,
      "X_WHOQOL_PSYCH_MEAN": 1.6666666666666667,
      "X_WHOQOL_SOCIAL_MEAN": 1.0
    },
    "probabilidad": 0.6849732063774369,
    "nivel": "MODERADO",
    "modelo_version": "tamizaje_rl_bundle_v1",
    "actualizado": "2026-02-05T05:29:34.376Z"
  }
},
{
  "model": "resultados.prediccionriesgo",
  "pk": 3,
  "fields": {
    "estudiante": 19,
    "features": {
      "CASO_MEAN": null,
      "CASO_TOTAL": null,
      "ML_MISSING": [
        "X_PANAS_Negativo",
        "X_WHOQOL_PSYCH_MEAN",
        "X_WHOQOL_PHYS_MEAN",
        "X_CASO_MEAN",
        "X_PANAS_Positivo",
        "X_WHOQOL_SOCIAL_MEAN"
      ],
      "CASO_INTERP": "Suma de 30 ítems (1–5). Altas = buena asertividad. Bajas = pasividad o agresividad indirecta. Media teórica: 90.",
      "CASO_N_RESP": 0,
      "X_CASO_MEAN": null,
      "PANAS_N_RESP": 0,
      "PANAS_NEG_SUM": null,
      "PANAS_POS_SUM": null,
      "WHOQOL_N_RESP": 0,
      "PANAS_NEG_MEAN": null,
      "PANAS_POS_MEAN": null,
      "CASO_SESSION_ID": 31,
      "ML_FEATURE_COLS": [
        "X_PANAS_Negativo",
        "X_WHOQOL_PSYCH_MEAN",
        "X_WHOQOL_PHYS_MEAN",
        "X_CASO_MEAN",
        "X_PANAS_Positivo",
        "X_WHOQOL_SOCIAL_MEAN"
      ],
      "WHOQOL_ENV_MEAN": null,
      "PANAS_SESSION_ID": 30,
      "WHOQOL_PHYS_MEAN": null,
      "X_PANAS_Negativo": null,
      "X_PANAS_Positivo": null,
      "WHOQOL_PSYCH_MEAN": null,
      "WHOQOL_SESSION_ID": 32,
      "WHOQOL_TOTAL_MEAN": null,
      "WHOQOL_SOCIAL_MEAN": null,
      "X_WHOQOL_PHYS_MEAN": null,
      "WHOQOL_OVERALL_MEAN": null,
      "X_WHOQOL_PSYCH_MEAN": null,
      "X_WHOQOL_SOCIAL_MEAN": null
    },
    "probabilidad": null,
    "nivel": "SIN_DATOS",
    "modelo_version": "bundle_incomplete",
    "actualizado": "2026-02-09T05:06:30.113Z"
  }
},
{
  
  "pk": 1,
  "fields": {
    "name": "Can add cuestionario",
    "content_type": 1,
    "codename": "add_cuestionario"
  }
},
{
  
  "pk": 2,
  "fields": {
    "name": "Can change cuestionario",
    "content_type": 1,
    "codename": "change_cuestionario"
  }
},
{
  
  "pk": 3,
  "fields": {
    "name": "Can delete cuestionario",
    "content_type": 1,
    "codename": "delete_cuestionario"
  }
},
{
  
  "pk": 4,
  "fields": {
    "name": "Can view cuestionario",
    "content_type": 1,
    "codename": "view_cuestionario"
  }
},
{
  
  "pk": 5,
  "fields": {
    "name": "Can add perfil",
    "content_type": 2,
    "codename": "add_perfil"
  }
},
{
  
  "pk": 6,
  "fields": {
    "name": "Can change perfil",
    "content_type": 2,
    "codename": "change_perfil"
  }
},
{
  
  "pk": 7,
  "fields": {
    "name": "Can delete perfil",
    "content_type": 2,
    "codename": "delete_perfil"
  }
},
{
  
  "pk": 8,
  "fields": {
    "name": "Can view perfil",
    "content_type": 2,
    "codename": "view_perfil"
  }
},
{
  
  "pk": 9,
  "fields": {
    "name": "Can add pregunta sociodemografica",
    "content_type": 3,
    "codename": "add_preguntasociodemografica"
  }
},
{
  
  "pk": 10,
  "fields": {
    "name": "Can change pregunta sociodemografica",
    "content_type": 3,
    "codename": "change_preguntasociodemografica"
  }
},
{
  
  "pk": 11,
  "fields": {
    "name": "Can delete pregunta sociodemografica",
    "content_type": 3,
    "codename": "delete_preguntasociodemografica"
  }
},
{
  
  "pk": 12,
  "fields": {
    "name": "Can view pregunta sociodemografica",
    "content_type": 3,
    "codename": "view_preguntasociodemografica"
  }
},
{
  
  "pk": 13,
  "fields": {
    "name": "Can add pregunta",
    "content_type": 4,
    "codename": "add_pregunta"
  }
},
{
  
  "pk": 14,
  "fields": {
    "name": "Can change pregunta",
    "content_type": 4,
    "codename": "change_pregunta"
  }
},
{
  
  "pk": 15,
  "fields": {
    "name": "Can delete pregunta",
    "content_type": 4,
    "codename": "delete_pregunta"
  }
},
{
  
  "pk": 16,
  "fields": {
    "name": "Can view pregunta",
    "content_type": 4,
    "codename": "view_pregunta"
  }
},
{
  
  "pk": 17,
  "fields": {
    "name": "Can add opcion",
    "content_type": 5,
    "codename": "add_opcion"
  }
},
{
  
  "pk": 18,
  "fields": {
    "name": "Can change opcion",
    "content_type": 5,
    "codename": "change_opcion"
  }
},
{
  
  "pk": 19,
  "fields": {
    "name": "Can delete opcion",
    "content_type": 5,
    "codename": "delete_opcion"
  }
},
{
  
  "pk": 20,
  "fields": {
    "name": "Can view opcion",
    "content_type": 5,
    "codename": "view_opcion"
  }
},
{
  
  "pk": 21,
  "fields": {
    "name": "Can add opcion sociodemografica",
    "content_type": 6,
    "codename": "add_opcionsociodemografica"
  }
},
{
  
  "pk": 22,
  "fields": {
    "name": "Can change opcion sociodemografica",
    "content_type": 6,
    "codename": "change_opcionsociodemografica"
  }
},
{
  
  "pk": 23,
  "fields": {
    "name": "Can delete opcion sociodemografica",
    "content_type": 6,
    "codename": "delete_opcionsociodemografica"
  }
},
{
  
  "pk": 24,
  "fields": {
    "name": "Can view opcion sociodemografica",
    "content_type": 6,
    "codename": "view_opcionsociodemografica"
  }
},
{
  
  "pk": 25,
  "fields": {
    "name": "Can add respuesta sociodemografica",
    "content_type": 7,
    "codename": "add_respuestasociodemografica"
  }
},
{
  
  "pk": 26,
  "fields": {
    "name": "Can change respuesta sociodemografica",
    "content_type": 7,
    "codename": "change_respuestasociodemografica"
  }
},
{
  
  "pk": 27,
  "fields": {
    "name": "Can delete respuesta sociodemografica",
    "content_type": 7,
    "codename": "delete_respuestasociodemografica"
  }
},
{
  
  "pk": 28,
  "fields": {
    "name": "Can view respuesta sociodemografica",
    "content_type": 7,
    "codename": "view_respuestasociodemografica"
  }
},
{
  
  "pk": 29,
  "fields": {
    "name": "Can add sesion evaluacion",
    "content_type": 8,
    "codename": "add_sesionevaluacion"
  }
},
{
  
  "pk": 30,
  "fields": {
    "name": "Can change sesion evaluacion",
    "content_type": 8,
    "codename": "change_sesionevaluacion"
  }
},
{
  
  "pk": 31,
  "fields": {
    "name": "Can delete sesion evaluacion",
    "content_type": 8,
    "codename": "delete_sesionevaluacion"
  }
},
{
  
  "pk": 32,
  "fields": {
    "name": "Can view sesion evaluacion",
    "content_type": 8,
    "codename": "view_sesionevaluacion"
  }
},
{
  
  "pk": 33,
  "fields": {
    "name": "Can add respuesta",
    "content_type": 9,
    "codename": "add_respuesta"
  }
},
{
  
  "pk": 34,
  "fields": {
    "name": "Can change respuesta",
    "content_type": 9,
    "codename": "change_respuesta"
  }
},
{
  
  "pk": 35,
  "fields": {
    "name": "Can delete respuesta",
    "content_type": 9,
    "codename": "delete_respuesta"
  }
},
{
  
  "pk": 36,
  "fields": {
    "name": "Can view respuesta",
    "content_type": 9,
    "codename": "view_respuesta"
  }
},
{
  
  "pk": 37,
  "fields": {
    "name": "Can add reporte evaluacion",
    "content_type": 10,
    "codename": "add_reporteevaluacion"
  }
},
{
  
  "pk": 38,
  "fields": {
    "name": "Can change reporte evaluacion",
    "content_type": 10,
    "codename": "change_reporteevaluacion"
  }
},
{
  
  "pk": 39,
  "fields": {
    "name": "Can delete reporte evaluacion",
    "content_type": 10,
    "codename": "delete_reporteevaluacion"
  }
},
{
  
  "pk": 40,
  "fields": {
    "name": "Can view reporte evaluacion",
    "content_type": 10,
    "codename": "view_reporteevaluacion"
  }
},
{
  
  "pk": 41,
  "fields": {
    "name": "Can add user",
    "content_type": 11,
    "codename": "add_usuario"
  }
},
{
  
  "pk": 42,
  "fields": {
    "name": "Can change user",
    "content_type": 11,
    "codename": "change_usuario"
  }
},
{
  
  "pk": 43,
  "fields": {
    "name": "Can delete user",
    "content_type": 11,
    "codename": "delete_usuario"
  }
},
{
  
  "pk": 44,
  "fields": {
    "name": "Can view user",
    "content_type": 11,
    "codename": "view_usuario"
  }
},
{
  
  "pk": 45,
  "fields": {
    "name": "Can add log entry",
    "content_type": 12,
    "codename": "add_logentry"
  }
},
{
  
  "pk": 46,
  "fields": {
    "name": "Can change log entry",
    "content_type": 12,
    "codename": "change_logentry"
  }
},
{
  
  "pk": 47,
  "fields": {
    "name": "Can delete log entry",
    "content_type": 12,
    "codename": "delete_logentry"
  }
},
{
  
  "pk": 48,
  "fields": {
    "name": "Can view log entry",
    "content_type": 12,
    "codename": "view_logentry"
  }
},
{
  
  "pk": 49,
  "fields": {
    "name": "Can add permission",
    "content_type": 13,
    "codename": "add_permission"
  }
},
{
  
  "pk": 50,
  "fields": {
    "name": "Can change permission",
    "content_type": 13,
    "codename": "change_permission"
  }
},
{
  
  "pk": 51,
  "fields": {
    "name": "Can delete permission",
    "content_type": 13,
    "codename": "delete_permission"
  }
},
{
  
  "pk": 52,
  "fields": {
    "name": "Can view permission",
    "content_type": 13,
    "codename": "view_permission"
  }
},
{
  
  "pk": 53,
  "fields": {
    "name": "Can add group",
    "content_type": 14,
    "codename": "add_group"
  }
},
{
  
  "pk": 54,
  "fields": {
    "name": "Can change group",
    "content_type": 14,
    "codename": "change_group"
  }
},
{
  
  "pk": 55,
  "fields": {
    "name": "Can delete group",
    "content_type": 14,
    "codename": "delete_group"
  }
},
{
  
  "pk": 56,
  "fields": {
    "name": "Can view group",
    "content_type": 14,
    "codename": "view_group"
  }
},
{
  
  "pk": 57,
  "fields": {
    "name": "Can add user",
    "content_type": 15,
    "codename": "add_user"
  }
},
{
  
  "pk": 58,
  "fields": {
    "name": "Can change user",
    "content_type": 15,
    "codename": "change_user"
  }
},
{
  
  "pk": 59,
  "fields": {
    "name": "Can delete user",
    "content_type": 15,
    "codename": "delete_user"
  }
},
{
  
  "pk": 60,
  "fields": {
    "name": "Can view user",
    "content_type": 15,
    "codename": "view_user"
  }
},
{
  
  "pk": 61,
  "fields": {
    "name": "Can add content type",
    "content_type": 16,
    "codename": "add_contenttype"
  }
},
{
  
  "pk": 62,
  "fields": {
    "name": "Can change content type",
    "content_type": 16,
    "codename": "change_contenttype"
  }
},
{
  
  "pk": 63,
  "fields": {
    "name": "Can delete content type",
    "content_type": 16,
    "codename": "delete_contenttype"
  }
},
{
  
  "pk": 64,
  "fields": {
    "name": "Can view content type",
    "content_type": 16,
    "codename": "view_contenttype"
  }
},
{
  
  "pk": 65,
  "fields": {
    "name": "Can add session",
    "content_type": 17,
    "codename": "add_session"
  }
},
{
  
  "pk": 66,
  "fields": {
    "name": "Can change session",
    "content_type": 17,
    "codename": "change_session"
  }
},
{
  
  "pk": 67,
  "fields": {
    "name": "Can delete session",
    "content_type": 17,
    "codename": "delete_session"
  }
},
{
  
  "pk": 68,
  "fields": {
    "name": "Can view session",
    "content_type": 17,
    "codename": "view_session"
  }
},
{
  
  "pk": 69,
  "fields": {
    "name": "Can add invite key",
    "content_type": 18,
    "codename": "add_invitekey"
  }
},
{
  
  "pk": 70,
  "fields": {
    "name": "Can change invite key",
    "content_type": 18,
    "codename": "change_invitekey"
  }
},
{
  
  "pk": 71,
  "fields": {
    "name": "Can delete invite key",
    "content_type": 18,
    "codename": "delete_invitekey"
  }
},
{
  
  "pk": 72,
  "fields": {
    "name": "Can view invite key",
    "content_type": 18,
    "codename": "view_invitekey"
  }
},
{
  
  "pk": 73,
  "fields": {
    "name": "Can add calificacion sesion",
    "content_type": 19,
    "codename": "add_calificacionsesion"
  }
},
{
  
  "pk": 74,
  "fields": {
    "name": "Can change calificacion sesion",
    "content_type": 19,
    "codename": "change_calificacionsesion"
  }
},
{
  
  "pk": 75,
  "fields": {
    "name": "Can delete calificacion sesion",
    "content_type": 19,
    "codename": "delete_calificacionsesion"
  }
},
{
  
  "pk": 76,
  "fields": {
    "name": "Can view calificacion sesion",
    "content_type": 19,
    "codename": "view_calificacionsesion"
  }
},
{
  
  "pk": 77,
  "fields": {
    "name": "Can add scoring rule",
    "content_type": 20,
    "codename": "add_scoringrule"
  }
},
{
  
  "pk": 78,
  "fields": {
    "name": "Can change scoring rule",
    "content_type": 20,
    "codename": "change_scoringrule"
  }
},
{
  
  "pk": 79,
  "fields": {
    "name": "Can delete scoring rule",
    "content_type": 20,
    "codename": "delete_scoringrule"
  }
},
{
  
  "pk": 80,
  "fields": {
    "name": "Can view scoring rule",
    "content_type": 20,
    "codename": "view_scoringrule"
  }
},
{
  
  "pk": 81,
  "fields": {
    "name": "Can add scoring profile",
    "content_type": 21,
    "codename": "add_scoringprofile"
  }
},
{
  
  "pk": 82,
  "fields": {
    "name": "Can change scoring profile",
    "content_type": 21,
    "codename": "change_scoringprofile"
  }
},
{
  
  "pk": 83,
  "fields": {
    "name": "Can delete scoring profile",
    "content_type": 21,
    "codename": "delete_scoringprofile"
  }
},
{
  
  "pk": 84,
  "fields": {
    "name": "Can view scoring profile",
    "content_type": 21,
    "codename": "view_scoringprofile"
  }
},
{
  
  "pk": 85,
  "fields": {
    "name": "Can add prediccion riesgo",
    "content_type": 22,
    "codename": "add_prediccionriesgo"
  }
},
{
  
  "pk": 86,
  "fields": {
    "name": "Can change prediccion riesgo",
    "content_type": 22,
    "codename": "change_prediccionriesgo"
  }
},
{
  
  "pk": 87,
  "fields": {
    "name": "Can delete prediccion riesgo",
    "content_type": 22,
    "codename": "delete_prediccionriesgo"
  }
},
{
  
  "pk": 88,
  "fields": {
    "name": "Can view prediccion riesgo",
    "content_type": 22,
    "codename": "view_prediccionriesgo"
  }
},
{
  
  "pk": 89,
  "fields": {
    "name": "Can add encuesta sociodemografica",
    "content_type": 23,
    "codename": "add_encuestasociodemografica"
  }
},
{
  
  "pk": 90,
  "fields": {
    "name": "Can change encuesta sociodemografica",
    "content_type": 23,
    "codename": "change_encuestasociodemografica"
  }
},
{
  
  "pk": 91,
  "fields": {
    "name": "Can delete encuesta sociodemografica",
    "content_type": 23,
    "codename": "delete_encuestasociodemografica"
  }
},
{
  
  "pk": 92,
  "fields": {
    "name": "Can view encuesta sociodemografica",
    "content_type": 23,
    "codename": "view_encuestasociodemografica"
  }
},
{
  
  "pk": 93,
  "fields": {
    "name": "Can add encuesta sociodemografica",
    "content_type": 24,
    "codename": "add_encuestasociodemografica"
  }
},
{
  
  "pk": 94,
  "fields": {
    "name": "Can change encuesta sociodemografica",
    "content_type": 24,
    "codename": "change_encuestasociodemografica"
  }
},
{
  
  "pk": 95,
  "fields": {
    "name": "Can delete encuesta sociodemografica",
    "content_type": 24,
    "codename": "delete_encuestasociodemografica"
  }
},
{
  
  "pk": 96,
  "fields": {
    "name": "Can view encuesta sociodemografica",
    "content_type": 24,
    "codename": "view_encuestasociodemografica"
  }
},
{
  "model": "auth.group",
  "pk": 1,
  "fields": {
    "name": "ADMIN",
    "permissions": []
  }
},
{
  "model": "auth.group",
  "pk": 2,
  "fields": {
    "name": "PSICOLOGO",
    "permissions": []
  }
},
{
  "model": "auth.group",
  "pk": 3,
  "fields": {
    "name": "ESTUDIANTE",
    "permissions": []
  }
},
{
  "pk": 1,
  "fields": {
    "app_label": "forms",
    "model": "cuestionario"
  }
},
{
  "pk": 2,
  "fields": {
    "app_label": "forms",
    "model": "perfil"
  }
},
{
  "pk": 3,
  "fields": {
    "app_label": "forms",
    "model": "preguntasociodemografica"
  }
},
{
  "pk": 4,
  "fields": {
    "app_label": "forms",
    "model": "pregunta"
  }
},
{
  "pk": 5,
  "fields": {
    "app_label": "forms",
    "model": "opcion"
  }
},
{
  "pk": 6,
  "fields": {
    "app_label": "forms",
    "model": "opcionsociodemografica"
  }
},
{
  "pk": 7,
  "fields": {
    "app_label": "forms",
    "model": "respuestasociodemografica"
  }
},
{
  "pk": 8,
  "fields": {
    "app_label": "forms",
    "model": "sesionevaluacion"
  }
},
{
  "pk": 9,
  "fields": {
    "app_label": "forms",
    "model": "respuesta"
  }
},
{
  "pk": 10,
  "fields": {
    "app_label": "forms",
    "model": "reporteevaluacion"
  }
},
{

  "pk": 11,
  "fields": {
    "app_label": "forms",
    "model": "usuario"
  }
},
{

  "pk": 12,
  "fields": {
    "app_label": "admin",
    "model": "logentry"
  }
},
{

  "pk": 13,
  "fields": {
    "app_label": "auth",
    "model": "permission"
  }
},
{

  "pk": 14,
  "fields": {
    "app_label": "auth",
    "model": "group"
  }
},
{

  "pk": 15,
  "fields": {
    "app_label": "auth",
    "model": "user"
  }
},
{

  "pk": 16,
  "fields": {
    "app_label": "contenttypes",
    "model": "contenttype"
  }
},
{

  "pk": 17,
  "fields": {
    "app_label": "sessions",
    "model": "session"
  }
},
{

  "pk": 18,
  "fields": {
    "app_label": "usuarios",
    "model": "invitekey"
  }
},
{

  "pk": 19,
  "fields": {
    "app_label": "forms",
    "model": "calificacionsesion"
  }
},
{

  "pk": 20,
  "fields": {
    "app_label": "forms",
    "model": "scoringrule"
  }
},
{

  "pk": 21,
  "fields": {
    "app_label": "forms",
    "model": "scoringprofile"
  }
},
{

  "pk": 22,
  "fields": {
    "app_label": "resultados",
    "model": "prediccionriesgo"
  }
},
{

  "pk": 23,
  "fields": {
    "app_label": "forms",
    "model": "encuestasociodemografica"
  }
},
{

  "pk": 24,
  "fields": {
    "app_label": "catalogo",
    "model": "encuestasociodemografica"
  }
},
{
  "model": "sessions.session",
  "pk": "5lczv64qm65zxs5p9smyuxfa993v4evk",
  "fields": {
    "session_data": ".eJxVjEEOwiAQRe_C2hAYCnRcuvcMzTADUjVtUtqV8e7apAvd_vfef6mBtrUOW8vLMIo6K1Cn3y0RP_K0A7nTdJs1z9O6jEnvij5o09dZ8vNyuH8HlVr91g5623Ox6GIKIYplFzEFZ0pHHaF4L1xMNOCBwIARsIjMOWUs2aNR7w_FvTdy:1vAGEp:s7NN0s5otN9l9T0rJjjSwBWCbZ-9KV2TUKDZ4pkhEFo",
    "expire_date": "2025-11-01T23:21:27.721Z"
  }
},
{
  "model": "sessions.session",
  "pk": "7prwwmexmilpermz48hzll63wxk9o1y5",
  "fields": {
    "session_data": ".eJxVjEEOwiAQRe_C2hAYCnRcuvcMzTADUjVtUtqV8e7apAvd_vfef6mBtrUOW8vLMIo6K1Cn3y0RP_K0A7nTdJs1z9O6jEnvij5o09dZ8vNyuH8HlVr91g5623Ox6GIKIYplFzEFZ0pHHaF4L1xMNOCBwIARsIjMOWUs2aNR7w_FvTdy:1uuCnT:UvSG6I10TkBW7G6plDsvzTJMYJn-XyfRxMBW2nlKLiE",
    "expire_date": "2025-09-18T16:26:51.246Z"
  }
},
{
  "model": "sessions.session",
  "pk": "lzc9xaoqkducnsiibja5wu52zmj3ouep",
  "fields": {
    "session_data": ".eJxVjEEOwiAQRe_C2hAYCnRcuvcMzTADUjVtUtqV8e7apAvd_vfef6mBtrUOW8vLMIo6K1Cn3y0RP_K0A7nTdJs1z9O6jEnvij5o09dZ8vNyuH8HlVr91g5623Ox6GIKIYplFzEFZ0pHHaF4L1xMNOCBwIARsIjMOWUs2aNR7w_FvTdy:1v94ip:z18dmPIBqUI1Box39IrIJetarryOI4BJfZCE_rAgFjg",
    "expire_date": "2025-10-29T16:51:31.515Z"
  }
},
{
  "model": "sessions.session",
  "pk": "mk3du720j3ayn5q00v67qsionrcg2v8v",
  "fields": {
    "session_data": ".eJxVjDsOwjAQBe_iGln-xY4p6TmDtWvv4gBypDipEHeHSCmgfTPzXiLBtta0dVrSVMRZaHH63RDyg9oOyh3abZZ5busyodwVedAur3Oh5-Vw_w4q9PqtA3m2xihSHGhkdkrH4JnBDUgex0HFrGII3lpNBkOOrIkYwEG0mVC8P-TbOHQ:1ulz7H:5MVncOJsEQBbPjoE6iI9Aw_UqeZuHj4sJEeE8Dd39Do",
    "expire_date": "2025-08-27T00:13:19.325Z"
  }
},
{
  "model": "sessions.session",
  "pk": "rhjg7kcg63r1b616c8d20uzqh84g3qdg",
  "fields": {
    "session_data": ".eJxVjEEOwiAQRe_C2hCoA4JL956BDDNTqRpISrsy3l2bdKHb_977L5VwXUpau8xpYnVWUR1-t4z0kLoBvmO9NU2tLvOU9abonXZ9bSzPy-7-HRTs5VsHYjeICRJ8EPBWjEGKPpiA4tAiesdZPJ2IGADZjhEo0oAWCEY6qvcH-ZA4xQ:1vIV3f:NihvwX1p9r9BsaS-2RzXRDQTeLB2dl3KHQvKflC0-3s",
    "expire_date": "2025-11-24T16:47:59.167Z"
  }
},
{
  "model": "sessions.session",
  "pk": "y902pxinlo1l4tgpbto61kqit4v860jg",
  "fields": {
    "session_data": ".eJxVjEEOwiAQRe_C2hAYCnRcuvcMzTADUjVtUtqV8e7apAvd_vfef6mBtrUOW8vLMIo6K1Cn3y0RP_K0A7nTdJs1z9O6jEnvij5o09dZ8vNyuH8HlVr91g5623Ox6GIKIYplFzEFZ0pHHaF4L1xMNOCBwIARsIjMOWUs2aNR7w_FvTdy:1v1ZRu:u6JP8vzKv3UURFF9dsIG4lyxbZdO6J9zmbLodGrFvfQ",
    "expire_date": "2025-10-09T00:03:02.868Z"
  }
},
{
  "model": "sessions.session",
  "pk": "yg94bowkwbeg1f6cmcv7wnwmoxbzh8l0",
  "fields": {
    "session_data": ".eJxVjEEOwiAQRe_C2hAYCnRcuvcMzTADUjVtUtqV8e7apAvd_vfef6mBtrUOW8vLMIo6K1Cn3y0RP_K0A7nTdJs1z9O6jEnvij5o09dZ8vNyuH8HlVr91g5623Ox6GIKIYplFzEFZ0pHHaF4L1xMNOCBwIARsIjMOWUs2aNR7w_FvTdy:1ut842:Ieb9TVWske54OlyhHSTBwItQs-aNxvL_gnfXnTur5f8",
    "expire_date": "2025-09-15T17:11:30.572Z"
  }
},
{
  "model": "catalogo.encuestasociodemografica",
  "pk": 2,
  "fields": {
    "estudiante": 20,
    "municipio": "Tizayuca",
    "edad": 22,
    "sexo": "F",
    "tiene_pareja": "SI",
    "tiempo_relacion_meses": 9,
    "tipo_relacion": "NOVIO",
    "tipo_relacion_otro": null,
    "tiene_hijos": "NO",
    "cuantos_hijos": null,
    "vive_semana": "PADRES",
    "vive_semana_otro": null,
    "vive_fin": "PADRES",
    "vive_fin_otro": null,
    "estado_civil_padres": "CASADOS",
    "estado_civil_padres_otro": null,
    "escolaridad_padre": "Preparatoria",
    "escolaridad_madre": "Preparatoria",
    "ocupacion_padre": "Mantenimiento",
    "ocupacion_madre": "Obrera",
    "trabaja_actualmente": "NO",
    "depende_de": "Padres",
    "padece_enfermedad": "No",
    "correo_opcional": "ejemplo4@uaeh.edu.mx",
    "creado": "2026-02-08T18:49:19.651Z",
    "actualizado": "2026-02-08T18:49:19.651Z"
  }
},
{
  "model": "catalogo.encuestasociodemografica",
  "pk": 3,
  "fields": {
    "estudiante": 19,
    "municipio": "1",
    "edad": 22,
    "sexo": "M",
    "tiene_pareja": "NO",
    "tiempo_relacion_meses": null,
    "tipo_relacion": null,
    "tipo_relacion_otro": "",
    "tiene_hijos": "NO",
    "cuantos_hijos": null,
    "vive_semana": "PADRES",
    "vive_semana_otro": null,
    "vive_fin": "PADRES",
    "vive_fin_otro": null,
    "estado_civil_padres": "CASADOS",
    "estado_civil_padres_otro": null,
    "escolaridad_padre": "no se",
    "escolaridad_madre": "no se",
    "ocupacion_padre": "no se",
    "ocupacion_madre": "nose",
    "trabaja_actualmente": "NO",
    "depende_de": "Padres",
    "padece_enfermedad": "no",
    "correo_opcional": "nla@gmail.com",
    "creado": "2026-02-09T03:46:38.758Z",
    "actualizado": "2026-02-09T03:46:38.758Z"
  }
},
{
  "model": "catalogo.encuestasociodemografica",
  "pk": 4,
  "fields": {
    "estudiante": 18,
    "municipio": "1",
    "edad": 22,
    "sexo": "M",
    "tiene_pareja": "NO",
    "tiempo_relacion_meses": null,
    "tipo_relacion": null,
    "tipo_relacion_otro": "",
    "tiene_hijos": "NO",
    "cuantos_hijos": null,
    "vive_semana": "PADRES",
    "vive_semana_otro": null,
    "vive_fin": "PADRES",
    "vive_fin_otro": null,
    "estado_civil_padres": "CASADOS",
    "estado_civil_padres_otro": null,
    "escolaridad_padre": "no se",
    "escolaridad_madre": "no se",
    "ocupacion_padre": "no se",
    "ocupacion_madre": "nose",
    "trabaja_actualmente": "NO",
    "depende_de": "Padres",
    "padece_enfermedad": "no",
    "correo_opcional": "nla@gmail.com",
    "creado": "2026-02-09T05:16:11.084Z",
    "actualizado": "2026-02-09T05:16:11.084Z"
  }
},
{
  "model": "catalogo.encuestasociodemografica",
  "pk": 5,
  "fields": {
    "estudiante": 4,
    "municipio": "Tizayuca",
    "edad": 22,
    "sexo": "M",
    "tiene_pareja": "NO",
    "tiempo_relacion_meses": null,
    "tipo_relacion": null,
    "tipo_relacion_otro": "",
    "tiene_hijos": "NO",
    "cuantos_hijos": null,
    "vive_semana": "PADRES",
    "vive_semana_otro": null,
    "vive_fin": "PADRES",
    "vive_fin_otro": null,
    "estado_civil_padres": "CASADOS",
    "estado_civil_padres_otro": null,
    "escolaridad_padre": "no se",
    "escolaridad_madre": "no se",
    "ocupacion_padre": "no se",
    "ocupacion_madre": "nose",
    "trabaja_actualmente": "NO",
    "depende_de": "Padres",
    "padece_enfermedad": "no",
    "correo_opcional": "la@gmail.com",
    "creado": "2026-02-10T04:33:32.673Z",
    "actualizado": "2026-02-10T04:33:32.673Z"
  }
},
{
  "model": "forms.usuario",
  "pk": 2,
  "fields": {
    "password": "pbkdf2_sha256$1000000$bd1k0Dku0SvPuV41mPh8Ad$U63wnv8/kW9u8wxw9iu1jy8UA6uGRT9/aOmrUv2bXNs=",
    "last_login": "2026-02-10T05:46:12.826Z",
    "is_superuser": true,
    "username": "admin@u.com",
    "first_name": "",
    "last_name": "",
    "email": "admin@u.com",
    "is_staff": true,
    "is_active": true,
    "date_joined": "2025-08-31T04:42:36.638Z",
    "rol": "ADMIN",
    "groups": [],
    "user_permissions": []
  }
},
{
  "model": "forms.usuario",
  "pk": 5,
  "fields": {
    "password": "pbkdf2_sha256$1000000$egw0kN1d52v0X3pMNV9OqE$NHoP8YGn0choToJWjdc1v9EQbrxzUOs90UfrBGJkes4=",
    "last_login": "2026-02-11T19:28:00.892Z",
    "is_superuser": false,
    "username": "juan@uaeh.edu.mx",
    "first_name": "Juan",
    "last_name": "",
    "email": "juan@uaeh.edu.mx",
    "is_staff": false,
    "is_active": true,
    "date_joined": "2025-10-15T16:51:57.371Z",
    "rol": "PSICOLOGO",
    "groups": [],
    "user_permissions": []
  }
},
{
  "model": "forms.usuario",
  "pk": 9,
  "fields": {
    "password": "pbkdf2_sha256$1000000$vnxNS1ERFHgld9Gme27Mlb$XDUDaOAiIyrSVRnmkh3vjbQcmNf7LxwXZN0GMEwjm5A=",
    "last_login": "2026-02-10T06:55:48.688Z",
    "is_superuser": false,
    "username": "celeste@gmail.com",
    "first_name": "Celeste",
    "last_name": "Perez",
    "email": "",
    "is_staff": false,
    "is_active": true,
    "date_joined": "2025-10-16T22:50:23.847Z",
    "rol": "ESTUDIANTE",
    "groups": [],
    "user_permissions": []
  }
},
{
  "model": "forms.usuario",
  "pk": 13,
  "fields": {
    "password": "pbkdf2_sha256$1000000$S2ItoMhCppLSGgZfqjZasD$XfuI6MycjUuI2FFby0vSHGC2wKSC9GEfLiy1p4Duyw0=",
    "last_login": "2025-11-07T06:33:23.224Z",
    "is_superuser": false,
    "username": "gu399394@uaeh.edu.mx",
    "first_name": "Estrella",
    "last_name": "Cielo",
    "email": "gu399394@uaeh.edu.mx",
    "is_staff": false,
    "is_active": true,
    "date_joined": "2025-10-16T23:17:52.300Z",
    "rol": "PSICOLOGO",
    "groups": [],
    "user_permissions": []
  }
},
{
  "model": "forms.usuario",
  "pk": 29,
  "fields": {
    "password": "pbkdf2_sha256$1000000$r0OYFfs2rHgSI4BgsJaZLR$ZOIQ+igP2UvhKQvK21Mv5nAsr/jg9xapv7qcHN6cbEU=",
    "last_login": "2026-01-25T00:53:06.349Z",
    "is_superuser": false,
    "username": "martha@gmail.com",
    "first_name": "Martha",
    "last_name": "Torres",
    "email": "martha@gmail.com",
    "is_staff": false,
    "is_active": true,
    "date_joined": "2025-11-07T06:35:14.291Z",
    "rol": "ESTUDIANTE",
    "groups": [],
    "user_permissions": []
  }
},
{
  "model": "forms.usuario",
  "pk": 32,
  "fields": {
    "password": "pbkdf2_sha256$1000000$X27ImU5VK8QiG4gMT1z5lu$k0/4qljmuAmz/3Q4Gsfj/trn4TfsUUaYDCfdFnawfSU=",
    "last_login": "2026-02-10T04:40:45.551Z",
    "is_superuser": false,
    "username": "ejemplo2@uaeh.edu.mx",
    "first_name": "ejemplo2",
    "last_name": "ejem",
    "email": "",
    "is_staff": false,
    "is_active": true,
    "date_joined": "2025-11-07T20:51:56.552Z",
    "rol": "ESTUDIANTE",
    "groups": [],
    "user_permissions": []
  }
},
{
  "model": "forms.usuario",
  "pk": 33,
  "fields": {
    "password": "pbkdf2_sha256$1000000$NGGCR3r6138s9AP7r0zuKq$dayTSxv2ImmXrfvv4+zZXCRPKkrOWCuj1vke/MQinaE=",
    "last_login": "2026-02-09T03:44:37.520Z",
    "is_superuser": false,
    "username": "ejemplo3@uaeh.edu.mx",
    "first_name": "ejemplo",
    "last_name": "4",
    "email": "ejemplo3@uaeh.edu.mx",
    "is_staff": false,
    "is_active": true,
    "date_joined": "2026-01-23T04:14:04.468Z",
    "rol": "ESTUDIANTE",
    "groups": [],
    "user_permissions": []
  }
},
{
  "model": "forms.usuario",
  "pk": 34,
  "fields": {
    "password": "pbkdf2_sha256$1000000$AtObWpMr3fomt3MFkjtvJC$oeRUMP8sn2rIB+cICBtkJ6REsUAvlQq0h8yR5NA+IIs=",
    "last_login": "2026-02-08T18:43:24.935Z",
    "is_superuser": false,
    "username": "ejemplo4@uaeh.edu.mx",
    "first_name": "ejemplo4",
    "last_name": "ejem",
    "email": "ejemplo4@uaeh.edu.mx",
    "is_staff": false,
    "is_active": true,
    "date_joined": "2026-01-28T18:09:14.078Z",
    "rol": "ESTUDIANTE",
    "groups": [],
    "user_permissions": []
  }
},
{
  "model": "forms.usuario",
  "pk": 35,
  "fields": {
    "password": "pbkdf2_sha256$1000000$OZPqx2GUFeIKe41ONxRrHk$mlghnRfBNVEmapVo5v7v2z3YG3cpllbJ+VHKJVXlYOY=",
    "last_login": "2026-02-10T04:41:25.148Z",
    "is_superuser": false,
    "username": "ejemplo5@uaeh.edu.mx",
    "first_name": "ejemplito",
    "last_name": "cinco",
    "email": "",
    "is_staff": false,
    "is_active": true,
    "date_joined": "2026-02-09T07:18:40.080Z",
    "rol": "ESTUDIANTE",
    "groups": [],
    "user_permissions": []
  }
},
{
  "model": "forms.perfil",
  "pk": 1,
  "fields": {
    "usuario": 5,
    "rol": "ESTUDIANTE",
    "nombre_completo": "Juan Perez",
    "fecha_nacimiento": null,
    "sexo": null,
    "telefono": "12345678",
    "adscripcion": null,
    "matricula": null,
    "carrera": null,
    "semestre": null,
    "cedula_profesional": null,
    "fecha_registro": "2025-10-15T16:51:58.239Z"
  }
},
{
  "model": "forms.perfil",
  "pk": 4,
  "fields": {
    "usuario": 9,
    "rol": "ESTUDIANTE",
    "nombre_completo": "Celeste",
    "fecha_nacimiento": null,
    "sexo": null,
    "telefono": "1234567890",
    "adscripcion": "ES_ACTOPAN",
    "matricula": "1234",
    "carrera": "lti",
    "semestre": 9,
    "cedula_profesional": null,
    "fecha_registro": "2025-10-16T22:50:25.041Z"
  }
},
{
  "model": "forms.perfil",
  "pk": 6,
  "fields": {
    "usuario": 13,
    "rol": "ESTUDIANTE",
    "nombre_completo": "Estrella",
    "fecha_nacimiento": null,
    "sexo": null,
    "telefono": null,
    "adscripcion": null,
    "matricula": null,
    "carrera": null,
    "semestre": null,
    "cedula_profesional": null,
    "fecha_registro": "2025-10-16T23:17:53.490Z"
  }
},
{
  "model": "forms.perfil",
  "pk": 15,
  "fields": {
    "usuario": 29,
    "rol": "ESTUDIANTE",
    "nombre_completo": "",
    "fecha_nacimiento": null,
    "sexo": null,
    "telefono": null,
    "adscripcion": null,
    "matricula": null,
    "carrera": null,
    "semestre": null,
    "cedula_profesional": null,
    "fecha_registro": "2025-11-07T06:35:16.856Z"
  }
},
{
  "model": "forms.perfil",
  "pk": 18,
  "fields": {
    "usuario": 32,
    "rol": "ESTUDIANTE",
    "nombre_completo": "j",
    "fecha_nacimiento": null,
    "sexo": null,
    "telefono": "",
    "adscripcion": null,
    "matricula": null,
    "carrera": "",
    "semestre": null,
    "cedula_profesional": null,
    "fecha_registro": "2025-11-07T20:51:58.934Z"
  }
},
{
  "model": "forms.perfil",
  "pk": 19,
  "fields": {
    "usuario": 33,
    "rol": "ESTUDIANTE",
    "nombre_completo": "",
    "fecha_nacimiento": null,
    "sexo": null,
    "telefono": null,
    "adscripcion": null,
    "matricula": null,
    "carrera": null,
    "semestre": null,
    "cedula_profesional": null,
    "fecha_registro": "2026-01-23T04:14:07.190Z"
  }
},
{
  "model": "forms.perfil",
  "pk": 20,
  "fields": {
    "usuario": 34,
    "rol": "ESTUDIANTE",
    "nombre_completo": "",
    "fecha_nacimiento": null,
    "sexo": null,
    "telefono": null,
    "adscripcion": null,
    "matricula": null,
    "carrera": null,
    "semestre": null,
    "cedula_profesional": null,
    "fecha_registro": "2026-01-28T18:09:17.125Z"
  }
},
{
  "model": "forms.perfil",
  "pk": 21,
  "fields": {
    "usuario": 35,
    "rol": "ESTUDIANTE",
    "nombre_completo": "ejemplito cinco",
    "fecha_nacimiento": null,
    "sexo": null,
    "telefono": "12345678",
    "adscripcion": "ES_TEPEJI",
    "matricula": null,
    "carrera": "nose",
    "semestre": 1,
    "cedula_profesional": null,
    "fecha_registro": "2026-02-09T07:18:41.343Z"
  }
},
{
  "model": "forms.cuestionario",
  "pk": 20,
  "fields": {
    "codigo": "IOS",
    "nombre": "Cuestionario de conductas y actitudes de riesgo en las relaciones sexuales",
    "descripcion": "",
    "version": "1.0",
    "activo": true,
    "auto_sumar_likert": true,
    "archivo_propuesta": "",
    "comentario_propuesta": "",
    "comentario_admin": "",
    "config": {
      "scoring": {
        "mode": "SUM",
        "bands": [
          {
            "max": 10,
            "min": 4,
            "label": "Bajo"
          },
          {
            "max": 20,
            "min": 11,
            "label": "Moderado"
          },
          {
            "max": 35,
            "min": 21,
            "label": "Alto"
          }
        ]
      }
    },
    "autor": null,
    "estado": "published",
    "fecha_publicacion": "2025-10-24T00:00:02.715Z",
    "algoritmo": "SUM"
  }
},
{
  "model": "forms.cuestionario",
  "pk": 35,
  "fields": {
    "codigo": "CASO-A30",
    "nombre": "Ansiedad social: malestar, tensión o nerviosismo en situaciones sociales",
    "descripcion": "",
    "version": "1",
    "activo": true,
    "auto_sumar_likert": true,
    "archivo_propuesta": "",
    "comentario_propuesta": "",
    "comentario_admin": "",
    "config": {
      "scoring": {
        "mode": "CUSTOM",
        "subscales": {
          "CASO_TOTAL": {}
        }
      }
    },
    "autor": null,
    "estado": "published",
    "fecha_publicacion": "2025-11-06T22:38:29.435Z",
    "algoritmo": "SUM"
  }
},
{
  "model": "forms.cuestionario",
  "pk": 36,
  "fields": {
    "codigo": "BAI",
    "nombre": "Inventario de Ansiedad de Beck",
    "descripcion": "Modificacion de items",
    "version": "2",
    "activo": false,
    "auto_sumar_likert": true,
    "archivo_propuesta": "propuestas/rubrica_8vo_copia.pdf",
    "comentario_propuesta": "",
    "comentario_admin": "",
    "config": {},
    "autor": 5,
    "estado": "EN_REVISION",
    "fecha_publicacion": "2025-11-07T03:42:47.355Z",
    "algoritmo": "SUM"
  }
},
{
  "model": "forms.cuestionario",
  "pk": 43,
  "fields": {
    "codigo": "PANAS",
    "nombre": "Lista de Afectos Positivos y Negativos",
    "descripcion": "",
    "version": "1",
    "activo": true,
    "auto_sumar_likert": true,
    "archivo_propuesta": "",
    "comentario_propuesta": "",
    "comentario_admin": "",
    "config": {
      "scoring": {
        "mode": "CUSTOM",
        "subscales": {
          "PANAS_NEG": {},
          "PANAS_POS": {}
        }
      }
    },
    "autor": null,
    "estado": "published",
    "fecha_publicacion": "2026-01-26T04:38:21.409Z",
    "algoritmo": "SUM"
  }
},
{
  "model": "forms.cuestionario",
  "pk": 44,
  "fields": {
    "codigo": "CBPP-H",
    "nombre": "Percepción del comportamiento parental y ambiente familiar en jóvenes",
    "descripcion": "",
    "version": "1.0",
    "activo": true,
    "auto_sumar_likert": true,
    "archivo_propuesta": "",
    "comentario_propuesta": "",
    "comentario_admin": "",
    "config": {
      "scoring": {
        "mode": "CUSTOM",
        "subscales": {
          "CBPP_TOTAL": {}
        }
      }
    },
    "autor": null,
    "estado": "published",
    "fecha_publicacion": "2026-01-29T21:48:06.409Z",
    "algoritmo": "SUM"
  }
},
{
  "model": "forms.cuestionario",
  "pk": 45,
  "fields": {
    "codigo": "WHO-QOL",
    "nombre": "Calidad de vida percibida en distintas áreas /física, psicológica, social, ambiental)",
    "descripcion": "",
    "version": "1.0",
    "activo": true,
    "auto_sumar_likert": true,
    "archivo_propuesta": "",
    "comentario_propuesta": "",
    "comentario_admin": "",
    "config": {
      "scoring": {
        "mode": "CUSTOM",
        "subscales": {
          "X_WHOQOL_ENV": {},
          "X_WHOQOL_PHYS": {},
          "X_WHOQOL_PSYCH": {},
          "X_WHOQOL_TOTAL": {},
          "X_WHOQOL_SOCIAL": {},
          "X_WHOQOL_OVERALL": {}
        }
      }
    },
    "autor": null,
    "estado": "published",
    "fecha_publicacion": "2026-01-29T23:59:53.049Z",
    "algoritmo": "SUM"
  }
},
{
  "model": "forms.pregunta",
  "pk": 14,
  "fields": {
    "cuestionario": 20,
    "texto": "¿Con cuántas personas has tenido relaciones sexuales en el último año?",
    "tipo_respuesta": "TEXTO",
    "orden": 1,
    "codigo": "1",
    "requerido": true,
    "ayuda": "",
    "config": {
      "max": 5,
      "min": 1,
      "reverse": false
    }
  }
},
{
  "model": "forms.pregunta",
  "pk": 15,
  "fields": {
    "cuestionario": 20,
    "texto": "¿Con cuántas personas crees que tendrás relaciones sexuales durante los próximos 5 años? Por favor, da un estimado realista y específico",
    "tipo_respuesta": "TEXTO",
    "orden": 2,
    "codigo": "2",
    "requerido": true,
    "ayuda": "",
    "config": {
      "max": 5,
      "min": 1,
      "reverse": false
    }
  }
},
{
  "model": "forms.pregunta",
  "pk": 16,
  "fields": {
    "cuestionario": 20,
    "texto": "¿Con cuántas personas has tenido relaciones sexuales una sola vez?",
    "tipo_respuesta": "TEXTO",
    "orden": 3,
    "codigo": "3",
    "requerido": true,
    "ayuda": "",
    "config": {
      "max": 5,
      "min": 1,
      "reverse": false
    }
  }
},
{
  "model": "forms.pregunta",
  "pk": 17,
  "fields": {
    "cuestionario": 20,
    "texto": "¿Qué tan seguido fantaseas tener sexo con alguien más que no sea tu pareja actual estable? Elije una opción:",
    "tipo_respuesta": "ESCALA",
    "orden": 4,
    "codigo": "4",
    "requerido": true,
    "ayuda": "1=Nunca, 2=Una vez cada dos o tres meses, 3=Una vez al mes, 4=Una vez cada dos semanas, 5=Una vez a la semana, 6=Algunas veces por semana, 7= Casi diario, 8=Al menos una vez al día",
    "config": {
      "max": 8,
      "min": 1,
      "labels": {
        "1": "Tendencia al desacuerdo",
        "2": "Tendencia al desacuerdo",
        "3": "Tendencia al desacuerdo",
        "4": "Tendencia al desacuerdo",
        "5": "Punto medio o neutral",
        "6": "Tendencia al acuerdo",
        "7": "Tendencia al acuerdo",
        "8": "Tendencia al acuerdo",
        "9": "Tendencia al acuerdo"
      },
      "reverse": false
    }
  }
},
{
  "model": "forms.pregunta",
  "pk": 18,
  "fields": {
    "cuestionario": 20,
    "texto": "El sexo si amor está bien",
    "tipo_respuesta": "ESCALA",
    "orden": 5,
    "codigo": "",
    "requerido": true,
    "ayuda": "1-4 = Tendencia al desacuerdo, 5 = Punto medio o neutral, 6-9 = Tendencia al acuerdo",
    "config": {
      "max": 9,
      "min": 1,
      "labels": {
        "1": "Tendencia al desacuerdo",
        "2": "Tendencia al desacuerdo",
        "3": "Tendencia al desacuerdo",
        "4": "Tendencia al desacuerdo",
        "5": "Punto medio o neutral",
        "6": "Tendencia al acuerdo",
        "7": "Tendencia al acuerdo",
        "8": "Tendencia al acuerdo",
        "9": "Tendencia al acuerdo"
      },
      "reverse": false
    }
  }
},
{
  "model": "forms.pregunta",
  "pk": 19,
  "fields": {
    "cuestionario": 20,
    "texto": "Puedo imaginarme a mí mismo(a) cómodo(a) y disfrutando tener sexo casual con diferentes personas",
    "tipo_respuesta": "ESCALA",
    "orden": 6,
    "codigo": "",
    "requerido": true,
    "ayuda": "1-4 = Tendencia al desacuerdo, 5 = Punto medio o neutral, 6-9 = Tendencia al acuerdo",
    "config": {
      "max": 9,
      "min": 1,
      "labels": {
        "1": "Tendencia al desacuerdo",
        "2": "Tendencia al desacuerdo",
        "3": "Tendencia al desacuerdo",
        "4": "Tendencia al desacuerdo",
        "5": "Punto medio o neutral",
        "6": "Tendencia al acuerdo",
        "7": "Tendencia al acuerdo",
        "8": "Tendencia al acuerdo",
        "9": "Tendencia al acuerdo"
      },
      "reverse": false
    }
  }
},
{
  "model": "forms.pregunta",
  "pk": 20,
  "fields": {
    "cuestionario": 20,
    "texto": "Tendría que estar relacionado(a) de manera cercana, tanto emocional como psicológicamente, antes de sentirme seguro(a) y poder disfrutar\r\ncompletamente el tener sexo con alguien.",
    "tipo_respuesta": "ESCALA",
    "orden": 7,
    "codigo": "",
    "requerido": true,
    "ayuda": "1-4 = Tendencia al desacuerdo, 5 = Punto medio o neutral, 6-9 = Tendencia al acuerdo",
    "config": {
      "max": 9,
      "min": 1,
      "labels": {
        "1": "Tendencia al desacuerdo",
        "2": "Tendencia al desacuerdo",
        "3": "Tendencia al desacuerdo",
        "4": "Tendencia al desacuerdo",
        "5": "Punto medio o neutral",
        "6": "Tendencia al acuerdo",
        "7": "Tendencia al acuerdo",
        "8": "Tendencia al acuerdo",
        "9": "Tendencia al acuerdo"
      },
      "reverse": false
    }
  }
},
{
  "model": "forms.pregunta",
  "pk": 24,
  "fields": {
    "cuestionario": 35,
    "texto": "Saludar a una persona y no ser correspondido/a",
    "tipo_respuesta": "ESCALA",
    "orden": 1,
    "codigo": "CASO_01",
    "requerido": true,
    "ayuda": "",
    "config": {
      "max": 5,
      "min": 1,
      "var": "CASO_01",
      "labels": {
        "1": "Nada o muy poco",
        "2": "Poco",
        "3": "Medio",
        "4": "Bastante",
        "5": "Mucho o muchísimo"
      },
      "reverse": false,
      "subscale": "CASO_TOTAL"
    }
  }
},
{
  "model": "forms.pregunta",
  "pk": 25,
  "fields": {
    "cuestionario": 35,
    "texto": "Tener que decirle a un vecino que deje de hacer ruido",
    "tipo_respuesta": "ESCALA",
    "orden": 2,
    "codigo": "CASO_02",
    "requerido": true,
    "ayuda": "",
    "config": {
      "max": 5,
      "min": 1,
      "var": "CASO_02",
      "labels": {
        "1": "Nada o muy poco",
        "2": "Poco",
        "3": "Medio",
        "4": "Bastante",
        "5": "Mucho o muchísimo"
      },
      "reverse": false,
      "subscale": "CASO_TOTAL"
    }
  }
},
{
  "model": "forms.pregunta",
  "pk": 28,
  "fields": {
    "cuestionario": 43,
    "texto": "Motivado(a)",
    "tipo_respuesta": "ESCALA",
    "orden": 1,
    "codigo": "PANAS_01",
    "requerido": true,
    "ayuda": "",
    "config": {
      "max": 5,
      "min": 1,
      "var": "PANAS_01",
      "labels": {
        "1": "Muy poco o nada",
        "2": "Un poco",
        "3": "Regular",
        "4": "Bastante",
        "5": "Mucho"
      },
      "reverse": false,
      "subscale": "PANAS_POS"
    }
  }
},
{
  "model": "forms.pregunta",
  "pk": 29,
  "fields": {
    "cuestionario": 43,
    "texto": "Afligido(a)",
    "tipo_respuesta": "ESCALA",
    "orden": 2,
    "codigo": "PANAS_02",
    "requerido": true,
    "ayuda": "",
    "config": {
      "max": 5,
      "min": 1,
      "var": "PANAS_02",
      "labels": {
        "1": "Muy poco o nada",
        "2": "Un poco",
        "3": "Regular",
        "4": "Bastante",
        "5": "Mucho"
      },
      "reverse": true,
      "subscale": "PANAS_NEG"
    }
  }
},
{
  "model": "forms.pregunta",
  "pk": 30,
  "fields": {
    "cuestionario": 43,
    "texto": "Emocionado(a)",
    "tipo_respuesta": "ESCALA",
    "orden": 3,
    "codigo": "PANAS_03",
    "requerido": true,
    "ayuda": "",
    "config": {
      "max": 5,
      "min": 1,
      "var": "PANAS_03",
      "labels": {
        "1": "Muy poco o nada",
        "2": "Un poco",
        "3": "Regular",
        "4": "Bastante",
        "5": "Mucho"
      },
      "reverse": false,
      "subscale": "PANAS_POS"
    }
  }
},
{
  "model": "forms.pregunta",
  "pk": 31,
  "fields": {
    "cuestionario": 43,
    "texto": "Enojado(a)",
    "tipo_respuesta": "ESCALA",
    "orden": 4,
    "codigo": "PANAS_04",
    "requerido": true,
    "ayuda": "",
    "config": {
      "max": 5,
      "min": 1,
      "var": "PANAS_04",
      "labels": {
        "1": "Muy poco o nada",
        "2": "Un poco",
        "3": "Regular",
        "4": "Bastante",
        "5": "Mucho"
      },
      "reverse": true,
      "subscale": "PANAS_NEG"
    }
  }
},
{
  "model": "forms.pregunta",
  "pk": 32,
  "fields": {
    "cuestionario": 43,
    "texto": "Firme",
    "tipo_respuesta": "ESCALA",
    "orden": 5,
    "codigo": "PANAS_05",
    "requerido": true,
    "ayuda": "",
    "config": {
      "max": 5,
      "min": 1,
      "var": "PANAS_05",
      "labels": {
        "1": "Muy poco o nada",
        "2": "Un poco",
        "3": "Regular",
        "4": "Bastante",
        "5": "Mucho"
      },
      "reverse": false,
      "subscale": "PANAS_POS"
    }
  }
},
{
  "model": "forms.pregunta",
  "pk": 33,
  "fields": {
    "cuestionario": 43,
    "texto": "Culpable",
    "tipo_respuesta": "ESCALA",
    "orden": 6,
    "codigo": "PANAS_06",
    "requerido": true,
    "ayuda": "",
    "config": {
      "max": 5,
      "min": 1,
      "var": "PANAS_06",
      "labels": {
        "1": "Muy poco o nada",
        "2": "Un poco",
        "3": "Regular",
        "4": "Bastante",
        "5": "Mucho"
      },
      "reverse": true,
      "subscale": "PANAS_NEG"
    }
  }
},
{
  "model": "forms.pregunta",
  "pk": 35,
  "fields": {
    "cuestionario": 43,
    "texto": "Espantado(a)",
    "tipo_respuesta": "ESCALA",
    "orden": 7,
    "codigo": "PANAS_07",
    "requerido": true,
    "ayuda": "",
    "config": {
      "max": 5,
      "min": 1,
      "var": "PANAS_07",
      "labels": {
        "1": "Muy poco o nada",
        "2": "Un poco",
        "3": "Regular",
        "4": "Bastante",
        "5": "Mucho"
      },
      "reverse": true,
      "subscale": "PANAS_NEG"
    }
  }
},
{
  "model": "forms.pregunta",
  "pk": 36,
  "fields": {
    "cuestionario": 43,
    "texto": "Hostil",
    "tipo_respuesta": "ESCALA",
    "orden": 8,
    "codigo": "PANAS_08",
    "requerido": true,
    "ayuda": "",
    "config": {
      "max": 5,
      "min": 1,
      "var": "PANAS_08",
      "labels": {
        "1": "Muy poco o nada",
        "2": "Un poco",
        "3": "Regular",
        "4": "Bastante",
        "5": "Mucho"
      },
      "reverse": true,
      "subscale": "PANAS_NEG"
    }
  }
},
{
  "model": "forms.pregunta",
  "pk": 37,
  "fields": {
    "cuestionario": 43,
    "texto": "Entusiasta",
    "tipo_respuesta": "ESCALA",
    "orden": 9,
    "codigo": "PANAS_09",
    "requerido": true,
    "ayuda": "",
    "config": {
      "max": 5,
      "min": 1,
      "var": "PANAS_09",
      "labels": {
        "1": "Muy poco o nada",
        "2": "Un poco",
        "3": "Regular",
        "4": "Bastante",
        "5": "Mucho"
      },
      "reverse": false,
      "subscale": "PANAS_POS"
    }
  }
},
{
  "model": "forms.pregunta",
  "pk": 38,
  "fields": {
    "cuestionario": 43,
    "texto": "Satisfecho(a)",
    "tipo_respuesta": "ESCALA",
    "orden": 10,
    "codigo": "PANAS_10",
    "requerido": true,
    "ayuda": "",
    "config": {
      "max": 5,
      "min": 1,
      "var": "PANAS_10",
      "labels": {
        "1": "Muy poco o nada",
        "2": "Un poco",
        "3": "Regular",
        "4": "Bastante",
        "5": "Mucho"
      },
      "reverse": false,
      "subscale": "PANAS_POS"
    }
  }
},
{
  "model": "forms.pregunta",
  "pk": 39,
  "fields": {
    "cuestionario": 43,
    "texto": "Irritable",
    "tipo_respuesta": "ESCALA",
    "orden": 11,
    "codigo": "PANAS_11",
    "requerido": true,
    "ayuda": "",
    "config": {
      "max": 5,
      "min": 1,
      "var": "PANAS_11",
      "labels": {
        "1": "Muy poco o nada",
        "2": "Un poco",
        "3": "Regular",
        "4": "Bastante",
        "5": "Mucho"
      },
      "reverse": true,
      "subscale": "PANAS_NEG"
    }
  }
},
{
  "model": "forms.pregunta",
  "pk": 40,
  "fields": {
    "cuestionario": 43,
    "texto": "Alerta",
    "tipo_respuesta": "ESCALA",
    "orden": 12,
    "codigo": "PANAS_12",
    "requerido": true,
    "ayuda": "",
    "config": {
      "max": 5,
      "min": 1,
      "var": "PANAS_12",
      "labels": {
        "1": "Muy poco o nada",
        "2": "Un poco",
        "3": "Regular",
        "4": "Bastante",
        "5": "Mucho"
      },
      "reverse": true,
      "subscale": "PANAS_NEG"
    }
  }
},
{
  "model": "forms.pregunta",
  "pk": 41,
  "fields": {
    "cuestionario": 43,
    "texto": "Avergonzado(a)",
    "tipo_respuesta": "ESCALA",
    "orden": 13,
    "codigo": "PANAS_13",
    "requerido": true,
    "ayuda": "",
    "config": {
      "max": 5,
      "min": 1,
      "var": "PANAS_13",
      "labels": {
        "1": "Muy poco o nada",
        "2": "Un poco",
        "3": "Regular",
        "4": "Bastante",
        "5": "Mucho"
      },
      "reverse": true,
      "subscale": "PANAS_NEG"
    }
  }
},
{
  "model": "forms.pregunta",
  "pk": 42,
  "fields": {
    "cuestionario": 43,
    "texto": "Inspirado(a)",
    "tipo_respuesta": "ESCALA",
    "orden": 14,
    "codigo": "PANAS_14",
    "requerido": true,
    "ayuda": "",
    "config": {
      "max": 5,
      "min": 1,
      "var": "PANAS_14",
      "labels": {
        "1": "Muy poco o nada",
        "2": "Un poco",
        "3": "Regular",
        "4": "Bastante",
        "5": "Mucho"
      },
      "reverse": false,
      "subscale": "PANAS_POS"
    }
  }
},
{
  "model": "forms.pregunta",
  "pk": 43,
  "fields": {
    "cuestionario": 43,
    "texto": "Nervioso(a)",
    "tipo_respuesta": "ESCALA",
    "orden": 15,
    "codigo": "PANAS_15",
    "requerido": true,
    "ayuda": "",
    "config": {
      "max": 5,
      "min": 1,
      "var": "PANAS_15",
      "labels": {
        "1": "Muy poco o nada",
        "2": "Un poco",
        "3": "Regular",
        "4": "Bastante",
        "5": "Mucho"
      },
      "reverse": true,
      "subscale": "PANAS_NEG"
    }
  }
},
{
  "model": "forms.pregunta",
  "pk": 44,
  "fields": {
    "cuestionario": 43,
    "texto": "Decidido(a)",
    "tipo_respuesta": "ESCALA",
    "orden": 16,
    "codigo": "PANAS_16",
    "requerido": true,
    "ayuda": "",
    "config": {
      "max": 5,
      "min": 1,
      "var": "PANAS_16",
      "labels": {
        "1": "Muy poco o nada",
        "2": "Un poco",
        "3": "Regular",
        "4": "Bastante",
        "5": "Mucho"
      },
      "reverse": false,
      "subscale": "PANAS_POS"
    }
  }
},
{
  "model": "forms.pregunta",
  "pk": 45,
  "fields": {
    "cuestionario": 43,
    "texto": "Capaz de estar atento(a)",
    "tipo_respuesta": "ESCALA",
    "orden": 17,
    "codigo": "PANAS_17",
    "requerido": true,
    "ayuda": "",
    "config": {
      "max": 5,
      "min": 1,
      "var": "PANAS_17",
      "labels": {
        "1": "Muy poco o nada",
        "2": "Un poco",
        "3": "Regular",
        "4": "Bastante",
        "5": "Mucho"
      },
      "reverse": false,
      "subscale": "PANAS_POS"
    }
  }
},
{
  "model": "forms.pregunta",
  "pk": 46,
  "fields": {
    "cuestionario": 43,
    "texto": "Temeroso(a)",
    "tipo_respuesta": "ESCALA",
    "orden": 18,
    "codigo": "PANAS_18",
    "requerido": true,
    "ayuda": "",
    "config": {
      "max": 5,
      "min": 1,
      "var": "PANAS_18",
      "labels": {
        "1": "Muy poco o nada",
        "2": "Un poco",
        "3": "Regular",
        "4": "Bastante",
        "5": "Mucho"
      },
      "reverse": true,
      "subscale": "PANAS_NEG"
    }
  }
},
{
  "model": "forms.pregunta",
  "pk": 47,
  "fields": {
    "cuestionario": 43,
    "texto": "Activo(a)",
    "tipo_respuesta": "ESCALA",
    "orden": 19,
    "codigo": "PANAS_19",
    "requerido": true,
    "ayuda": "",
    "config": {
      "max": 5,
      "min": 1,
      "var": "PANAS_19",
      "labels": {
        "1": "Muy poco o nada",
        "2": "Un poco",
        "3": "Regular",
        "4": "Bastante",
        "5": "Mucho"
      },
      "reverse": false,
      "subscale": "PANAS_POS"
    }
  }
},
{
  "model": "forms.pregunta",
  "pk": 48,
  "fields": {
    "cuestionario": 43,
    "texto": "Miedoso(a)",
    "tipo_respuesta": "ESCALA",
    "orden": 20,
    "codigo": "PANAS_20",
    "requerido": true,
    "ayuda": "",
    "config": {
      "max": 5,
      "min": 1,
      "var": "PANAS_20",
      "labels": {
        "1": "Muy poco o nada",
        "2": "Un poco",
        "3": "Regular",
        "4": "Bastante",
        "5": "Mucho"
      },
      "reverse": true,
      "subscale": "PANAS_NEG"
    }
  }
},
{
  "model": "forms.pregunta",
  "pk": 49,
  "fields": {
    "cuestionario": 35,
    "texto": "Hablar en público",
    "tipo_respuesta": "ESCALA",
    "orden": 3,
    "codigo": "CASO_03",
    "requerido": true,
    "ayuda": "",
    "config": {
      "max": 5,
      "min": 1,
      "var": "CASO_03",
      "labels": {
        "1": "Nada o muy poco",
        "2": "Poco",
        "3": "Medio",
        "4": "Bastante",
        "5": "Mucho o muchísimo"
      },
      "reverse": false,
      "subscale": "CASO_TOTAL"
    }
  }
},
{
  "model": "forms.pregunta",
  "pk": 50,
  "fields": {
    "cuestionario": 35,
    "texto": "Pedirle a una persona atractiva del sexo opuesto que salga conmigo",
    "tipo_respuesta": "ESCALA",
    "orden": 4,
    "codigo": "CASO_04",
    "requerido": true,
    "ayuda": "",
    "config": {
      "max": 5,
      "min": 1,
      "var": "CASO_04",
      "labels": {
        "1": "Nada o muy poco",
        "2": "Poco",
        "3": "Medio",
        "4": "Bastante",
        "5": "Mucho o muchísimo"
      },
      "reverse": false,
      "subscale": "CASO_TOTAL"
    }
  }
},
{
  "model": "forms.pregunta",
  "pk": 51,
  "fields": {
    "cuestionario": 35,
    "texto": "Quejarme a un camarero de que la comida no está a mi gusto",
    "tipo_respuesta": "ESCALA",
    "orden": 5,
    "codigo": "CASO_05",
    "requerido": true,
    "ayuda": "",
    "config": {
      "max": 5,
      "min": 1,
      "var": "CASO_05",
      "labels": {
        "1": "Nada o muy poco",
        "2": "Poco",
        "3": "Medio",
        "4": "Bastante",
        "5": "Mucho o muchísimo"
      },
      "reverse": false,
      "subscale": "CASO_TOTAL"
    }
  }
},
{
  "model": "forms.pregunta",
  "pk": 52,
  "fields": {
    "cuestionario": 35,
    "texto": "Sentirme observado/a por personas del sexo opuesto",
    "tipo_respuesta": "ESCALA",
    "orden": 6,
    "codigo": "CASO_06",
    "requerido": true,
    "ayuda": "",
    "config": {
      "max": 5,
      "min": 1,
      "var": "CASO_06",
      "labels": {
        "1": "Nada o muy poco",
        "2": "Poco",
        "3": "Medio",
        "4": "Bastante",
        "5": "Mucho o muchísimo"
      },
      "reverse": false,
      "subscale": "CASO_TOTAL"
    }
  }
},
{
  "model": "forms.pregunta",
  "pk": 53,
  "fields": {
    "cuestionario": 35,
    "texto": "Participar en una reunión con personas de autoridad",
    "tipo_respuesta": "ESCALA",
    "orden": 7,
    "codigo": "CASO_07",
    "requerido": true,
    "ayuda": "",
    "config": {
      "max": 5,
      "min": 1,
      "var": "CASO_07",
      "labels": {
        "1": "Nada o muy poco",
        "2": "Poco",
        "3": "Medio",
        "4": "Bastante",
        "5": "Mucho o muchísimo"
      },
      "reverse": false,
      "subscale": "CASO_TOTAL"
    }
  }
},
{
  "model": "forms.pregunta",
  "pk": 54,
  "fields": {
    "cuestionario": 35,
    "texto": "Hablar con alguien y que no me preste atención",
    "tipo_respuesta": "ESCALA",
    "orden": 8,
    "codigo": "CASO_08",
    "requerido": true,
    "ayuda": "",
    "config": {
      "max": 5,
      "min": 1,
      "var": "CASO_08",
      "labels": {
        "1": "Nada o muy poco",
        "2": "Poco",
        "3": "Medio",
        "4": "Bastante",
        "5": "Mucho o muchísimo"
      },
      "reverse": false,
      "subscale": "CASO_TOTAL"
    }
  }
},
{
  "model": "forms.pregunta",
  "pk": 55,
  "fields": {
    "cuestionario": 35,
    "texto": "Decir que no cuando me piden algo que me molesta hacer",
    "tipo_respuesta": "ESCALA",
    "orden": 9,
    "codigo": "CASO_09",
    "requerido": true,
    "ayuda": "",
    "config": {
      "max": 5,
      "min": 1,
      "var": "CASO_09",
      "labels": {
        "1": "Nada o muy poco",
        "2": "Poco",
        "3": "Medio",
        "4": "Bastante",
        "5": "Mucho o muchísimo"
      },
      "reverse": false,
      "subscale": "CASO_TOTAL"
    }
  }
},
{
  "model": "forms.pregunta",
  "pk": 56,
  "fields": {
    "cuestionario": 35,
    "texto": "Hacer nuevos amigos",
    "tipo_respuesta": "ESCALA",
    "orden": 10,
    "codigo": "CASO_10",
    "requerido": true,
    "ayuda": "",
    "config": {
      "max": 5,
      "min": 1,
      "var": "CASO_10",
      "labels": {
        "1": "Nada o muy poco",
        "2": "Poco",
        "3": "Medio",
        "4": "Bastante",
        "5": "Mucho o muchísimo"
      },
      "reverse": false,
      "subscale": "CASO_TOTAL"
    }
  }
},
{
  "model": "forms.pregunta",
  "pk": 57,
  "fields": {
    "cuestionario": 35,
    "texto": "Decirle a alguien que ha herido mis sentimientos",
    "tipo_respuesta": "ESCALA",
    "orden": 11,
    "codigo": "CASO_11",
    "requerido": true,
    "ayuda": "",
    "config": {
      "max": 5,
      "min": 1,
      "var": "CASO_11",
      "labels": {
        "1": "Nada o muy poco",
        "2": "Poco",
        "3": "Medio",
        "4": "Bastante",
        "5": "Mucho o muchísimo"
      },
      "reverse": false,
      "subscale": "CASO_TOTAL"
    }
  }
},
{
  "model": "forms.pregunta",
  "pk": 58,
  "fields": {
    "cuestionario": 35,
    "texto": "Tener que hablar en clase, en el trabajo o en una reunión",
    "tipo_respuesta": "ESCALA",
    "orden": 12,
    "codigo": "CASO_12",
    "requerido": true,
    "ayuda": "",
    "config": {
      "max": 5,
      "min": 1,
      "var": "CASO_12",
      "labels": {
        "1": "Nada o muy poco",
        "2": "Poco",
        "3": "Medio",
        "4": "Bastante",
        "5": "Mucho o muchísimo"
      },
      "reverse": false,
      "subscale": "CASO_TOTAL"
    }
  }
},
{
  "model": "forms.pregunta",
  "pk": 59,
  "fields": {
    "cuestionario": 35,
    "texto": "Mantener una conversación con una persona a la que acabo de Conocer",
    "tipo_respuesta": "ESCALA",
    "orden": 13,
    "codigo": "CASO_13",
    "requerido": true,
    "ayuda": "",
    "config": {
      "max": 5,
      "min": 1,
      "var": "CASO_13",
      "labels": {
        "1": "Nada o muy poco",
        "2": "Poco",
        "3": "Medio",
        "4": "Bastante",
        "5": "Mucho o muchísimo"
      },
      "reverse": false,
      "subscale": "CASO_TOTAL"
    }
  }
},
{
  "model": "forms.pregunta",
  "pk": 60,
  "fields": {
    "cuestionario": 35,
    "texto": "Expresar mi enfado a una persona que se está metiendo conmigo",
    "tipo_respuesta": "ESCALA",
    "orden": 14,
    "codigo": "CASO_14",
    "requerido": true,
    "ayuda": "",
    "config": {
      "max": 5,
      "min": 1,
      "var": "CASO_14",
      "labels": {
        "1": "Nada o muy poco",
        "2": "Poco",
        "3": "Medio",
        "4": "Bastante",
        "5": "Mucho o muchísimo"
      },
      "reverse": false,
      "subscale": "CASO_TOTAL"
    }
  }
},
{
  "model": "forms.pregunta",
  "pk": 61,
  "fields": {
    "cuestionario": 35,
    "texto": "Saludar a cada uno de los asistentes a una reunión social cuando a muchos no los conozco",
    "tipo_respuesta": "ESCALA",
    "orden": 15,
    "codigo": "CASO_15",
    "requerido": true,
    "ayuda": "",
    "config": {
      "max": 5,
      "min": 1,
      "var": "CASO_15",
      "labels": {
        "1": "Nada o muy poco",
        "2": "Poco",
        "3": "Medio",
        "4": "Bastante",
        "5": "Mucho o muchísimo"
      },
      "reverse": false,
      "subscale": "CASO_TOTAL"
    }
  }
},
{
  "model": "forms.pregunta",
  "pk": 62,
  "fields": {
    "cuestionario": 35,
    "texto": "Que me gasten una broma en público",
    "tipo_respuesta": "ESCALA",
    "orden": 16,
    "codigo": "CASO_16",
    "requerido": true,
    "ayuda": "",
    "config": {
      "max": 5,
      "min": 1,
      "var": "CASO_16",
      "labels": {
        "1": "Nada o muy poco",
        "2": "Poco",
        "3": "Medio",
        "4": "Bastante",
        "5": "Mucho o muchísimo"
      },
      "reverse": false,
      "subscale": "CASO_TOTAL"
    }
  }
},
{
  "model": "forms.pregunta",
  "pk": 63,
  "fields": {
    "cuestionario": 35,
    "texto": "Hablar con gente que no conozco en fiestas y reuniones",
    "tipo_respuesta": "ESCALA",
    "orden": 17,
    "codigo": "CASO_17",
    "requerido": true,
    "ayuda": "",
    "config": {
      "max": 5,
      "min": 1,
      "var": "CASO_17",
      "labels": {
        "1": "Nada o muy poco",
        "2": "Poco",
        "3": "Medio",
        "4": "Bastante",
        "5": "Mucho o muchísimo"
      },
      "reverse": false,
      "subscale": "CASO_TOTAL"
    }
  }
},
{
  "model": "forms.pregunta",
  "pk": 64,
  "fields": {
    "cuestionario": 35,
    "texto": "Que me pregunte un profesor en clase o un superior en una reunión",
    "tipo_respuesta": "ESCALA",
    "orden": 18,
    "codigo": "CASO_18",
    "requerido": true,
    "ayuda": "",
    "config": {
      "max": 5,
      "min": 1,
      "var": "CASO_18",
      "labels": {
        "1": "Nada o muy poco",
        "2": "Poco",
        "3": "Medio",
        "4": "Bastante",
        "5": "Mucho o muchísimo"
      },
      "reverse": false,
      "subscale": "CASO_TOTAL"
    }
  }
},
{
  "model": "forms.pregunta",
  "pk": 65,
  "fields": {
    "cuestionario": 35,
    "texto": "Mirar a los ojos mientras hablo con una persona a la que acabo de conocer",
    "tipo_respuesta": "ESCALA",
    "orden": 19,
    "codigo": "CASO_19",
    "requerido": true,
    "ayuda": "",
    "config": {
      "max": 5,
      "min": 1,
      "var": "CASO_19",
      "labels": {
        "1": "Nada o muy poco",
        "2": "Poco",
        "3": "Medio",
        "4": "Bastante",
        "5": "Mucho o muchísimo"
      },
      "reverse": false,
      "subscale": "CASO_TOTAL"
    }
  }
},
{
  "model": "forms.pregunta",
  "pk": 66,
  "fields": {
    "cuestionario": 35,
    "texto": "Que una persona que me atrae me pida que salga con ella",
    "tipo_respuesta": "ESCALA",
    "orden": 20,
    "codigo": "CASO_20",
    "requerido": true,
    "ayuda": "",
    "config": {
      "max": 5,
      "min": 1,
      "var": "CASO_20",
      "labels": {
        "1": "Nada o muy poco",
        "2": "Poco",
        "3": "Medio",
        "4": "Bastante",
        "5": "Mucho o muchísimo"
      },
      "reverse": false,
      "subscale": "CASO_TOTAL"
    }
  }
},
{
  "model": "forms.pregunta",
  "pk": 67,
  "fields": {
    "cuestionario": 35,
    "texto": "Equivocarme delante de la gente",
    "tipo_respuesta": "ESCALA",
    "orden": 21,
    "codigo": "CASO_21",
    "requerido": true,
    "ayuda": "",
    "config": {
      "max": 5,
      "min": 1,
      "var": "CASO_21",
      "labels": {
        "1": "Nada o muy poco",
        "2": "Poco",
        "3": "Medio",
        "4": "Bastante",
        "5": "Mucho o muchísimo"
      },
      "reverse": false,
      "subscale": "CASO_TOTAL"
    }
  }
},
{
  "model": "forms.pregunta",
  "pk": 68,
  "fields": {
    "cuestionario": 35,
    "texto": "Ir a un acto social donde sólo conozco a una persona",
    "tipo_respuesta": "ESCALA",
    "orden": 22,
    "codigo": "CASO_22",
    "requerido": true,
    "ayuda": "",
    "config": {
      "max": 5,
      "min": 1,
      "var": "CASO_22",
      "labels": {
        "1": "Nada o muy poco",
        "2": "Poco",
        "3": "Medio",
        "4": "Bastante",
        "5": "Mucho o muchísimo"
      },
      "reverse": false,
      "subscale": "CASO_TOTAL"
    }
  }
},
{
  "model": "forms.pregunta",
  "pk": 69,
  "fields": {
    "cuestionario": 35,
    "texto": "Iniciar una conversación con una persona del sexo opuesto que me gusta",
    "tipo_respuesta": "ESCALA",
    "orden": 23,
    "codigo": "CASO_23",
    "requerido": true,
    "ayuda": "",
    "config": {
      "max": 5,
      "min": 1,
      "var": "CASO_23",
      "labels": {
        "1": "Nada o muy poco",
        "2": "Poco",
        "3": "Medio",
        "4": "Bastante",
        "5": "Mucho o muchísimo"
      },
      "reverse": false,
      "subscale": "CASO_TOTAL"
    }
  }
},
{
  "model": "forms.pregunta",
  "pk": 70,
  "fields": {
    "cuestionario": 35,
    "texto": "Que me echen en cara algo que he hecho mal",
    "tipo_respuesta": "ESCALA",
    "orden": 24,
    "codigo": "CASO_24",
    "requerido": true,
    "ayuda": "",
    "config": {
      "max": 5,
      "min": 1,
      "var": "CASO_24",
      "labels": {
        "1": "Nada o muy poco",
        "2": "Poco",
        "3": "Medio",
        "4": "Bastante",
        "5": "Mucho o muchísimo"
      },
      "reverse": false,
      "subscale": "CASO_TOTAL"
    }
  }
},
{
  "model": "forms.pregunta",
  "pk": 71,
  "fields": {
    "cuestionario": 35,
    "texto": "Que en una cena con compañeros me obliguen a dirigir la palabra en nombre de todos",
    "tipo_respuesta": "ESCALA",
    "orden": 25,
    "codigo": "CASO_25",
    "requerido": true,
    "ayuda": "",
    "config": {
      "max": 5,
      "min": 1,
      "var": "CASO_25",
      "labels": {
        "1": "Nada o muy poco",
        "2": "Poco",
        "3": "Medio",
        "4": "Bastante",
        "5": "Mucho o muchísimo"
      },
      "reverse": false,
      "subscale": "CASO_TOTAL"
    }
  }
},
{
  "model": "forms.pregunta",
  "pk": 72,
  "fields": {
    "cuestionario": 35,
    "texto": "Decir a alguien que su comportamiento me está molestando y pedir que deje de hacerlo",
    "tipo_respuesta": "ESCALA",
    "orden": 26,
    "codigo": "CASO_26",
    "requerido": true,
    "ayuda": "",
    "config": {
      "max": 5,
      "min": 1,
      "var": "CASO_26",
      "labels": {
        "1": "Nada o muy poco",
        "2": "Poco",
        "3": "Medio",
        "4": "Bastante",
        "5": "Mucho o muchísimo"
      },
      "reverse": false,
      "subscale": "CASO_TOTAL"
    }
  }
},
{
  "model": "forms.pregunta",
  "pk": 73,
  "fields": {
    "cuestionario": 35,
    "texto": "Sacar a bailar a una persona que me atrae",
    "tipo_respuesta": "ESCALA",
    "orden": 27,
    "codigo": "CASO_27",
    "requerido": true,
    "ayuda": "",
    "config": {
      "max": 5,
      "min": 1,
      "var": "CASO_27",
      "labels": {
        "1": "Nada o muy poco",
        "2": "Poco",
        "3": "Medio",
        "4": "Bastante",
        "5": "Mucho o muchísimo"
      },
      "reverse": false,
      "subscale": "CASO_TOTAL"
    }
  }
},
{
  "model": "forms.pregunta",
  "pk": 74,
  "fields": {
    "cuestionario": 35,
    "texto": "Que me critiquen",
    "tipo_respuesta": "ESCALA",
    "orden": 28,
    "codigo": "CASO_28",
    "requerido": true,
    "ayuda": "",
    "config": {
      "max": 5,
      "min": 1,
      "var": "CASO_28",
      "labels": {
        "1": "Nada o muy poco",
        "2": "Poco",
        "3": "Medio",
        "4": "Bastante",
        "5": "Mucho o muchísimo"
      },
      "reverse": false,
      "subscale": "CASO_TOTAL"
    }
  }
},
{
  "model": "forms.pregunta",
  "pk": 75,
  "fields": {
    "cuestionario": 35,
    "texto": "Hablar con un superior o una persona con autoridad",
    "tipo_respuesta": "ESCALA",
    "orden": 29,
    "codigo": "CASO_29",
    "requerido": true,
    "ayuda": "",
    "config": {
      "max": 5,
      "min": 1,
      "var": "CASO_29",
      "labels": {
        "1": "Nada o muy poco",
        "2": "Poco",
        "3": "Medio",
        "4": "Bastante",
        "5": "Mucho o muchísimo"
      },
      "reverse": false,
      "subscale": "CASO_TOTAL"
    }
  }
},
{
  "model": "forms.pregunta",
  "pk": 76,
  "fields": {
    "cuestionario": 35,
    "texto": "Decirle a una persona que me atrae que me gustaría conocerla mejor",
    "tipo_respuesta": "ESCALA",
    "orden": 30,
    "codigo": "CASO_30",
    "requerido": true,
    "ayuda": "",
    "config": {
      "max": 5,
      "min": 1,
      "var": "CASO_30",
      "labels": {
        "1": "Nada o muy poco",
        "2": "Poco",
        "3": "Medio",
        "4": "Bastante",
        "5": "Mucho o muchísimo"
      },
      "reverse": false,
      "subscale": "CASO_TOTAL"
    }
  }
},
{
  "model": "forms.pregunta",
  "pk": 77,
  "fields": {
    "cuestionario": 44,
    "texto": "Mis padres me motivan a hablar con ellos de mis problemas",
    "tipo_respuesta": "ESCALA",
    "orden": 1,
    "codigo": "",
    "requerido": true,
    "ayuda": "",
    "config": {
      "max": 5,
      "min": 1,
      "var": "CBPP_01",
      "labels": {
        "1": "Nunca",
        "2": "Pocas veces",
        "3": "Algunas veces",
        "4": "Muchas veces",
        "5": "Siempre"
      },
      "reverse": false,
      "subscale": "CBPP_TOTAL"
    }
  }
},
{
  "model": "forms.pregunta",
  "pk": 78,
  "fields": {
    "cuestionario": 44,
    "texto": "Mis padres me disciplinan por medio del castigo más que usando la razón",
    "tipo_respuesta": "ESCALA",
    "orden": 2,
    "codigo": "",
    "requerido": true,
    "ayuda": "",
    "config": {
      "max": 5,
      "min": 1,
      "var": "CBPP_02",
      "labels": {
        "1": "Nunca",
        "2": "Pocas veces",
        "3": "Algunas veces",
        "4": "Muchas veces",
        "5": "Siempre"
      },
      "reverse": false,
      "subscale": "CBPP_TOTAL"
    }
  }
},
{
  "model": "forms.pregunta",
  "pk": 79,
  "fields": {
    "cuestionario": 44,
    "texto": "Mis padres me felicitan cuando me porto bien",
    "tipo_respuesta": "ESCALA",
    "orden": 3,
    "codigo": "",
    "requerido": true,
    "ayuda": "",
    "config": {
      "max": 5,
      "min": 1,
      "var": "CBPP_03",
      "labels": {
        "1": "Nunca",
        "2": "Pocas veces",
        "3": "Algunas veces",
        "4": "Muchas veces",
        "5": "Siempre"
      },
      "reverse": false,
      "subscale": "CBPP_TOTAL"
    }
  }
},
{
  "model": "forms.pregunta",
  "pk": 80,
  "fields": {
    "cuestionario": 44,
    "texto": "Mis padres muestran comprensión (empatía) cuando me encuentro herido(a) o frustrado(a)",
    "tipo_respuesta": "ESCALA",
    "orden": 4,
    "codigo": "",
    "requerido": true,
    "ayuda": "",
    "config": {
      "max": 5,
      "min": 1,
      "var": "CBPP_04",
      "labels": {
        "1": "Nunca",
        "2": "Pocas veces",
        "3": "Algunas veces",
        "4": "Muchas veces",
        "5": "Siempre"
      },
      "reverse": false,
      "subscale": "CBPP_TOTAL"
    }
  }
},
{
  "model": "forms.pregunta",
  "pk": 81,
  "fields": {
    "cuestionario": 44,
    "texto": "Mis padres me castigan quitándome privilegios con poca o ninguna explicación",
    "tipo_respuesta": "ESCALA",
    "orden": 5,
    "codigo": "",
    "requerido": true,
    "ayuda": "",
    "config": {
      "max": 5,
      "min": 1,
      "var": "CBPP_05",
      "labels": {
        "1": "Nunca",
        "2": "Pocas veces",
        "3": "Algunas veces",
        "4": "Muchas veces",
        "5": "Siempre"
      },
      "reverse": false,
      "subscale": "CBPP_TOTAL"
    }
  }
},
{
  "model": "forms.pregunta",
  "pk": 82,
  "fields": {
    "cuestionario": 44,
    "texto": "Mis padres me brindan confianza y entendimiento cuando me encuentro triste",
    "tipo_respuesta": "ESCALA",
    "orden": 6,
    "codigo": "",
    "requerido": true,
    "ayuda": "",
    "config": {
      "max": 5,
      "min": 1,
      "var": "CBPP_06",
      "labels": {
        "1": "Nunca",
        "2": "Pocas veces",
        "3": "Algunas veces",
        "4": "Muchas veces",
        "5": "Siempre"
      },
      "reverse": false,
      "subscale": "CBPP_TOTAL"
    }
  }
},
{
  "model": "forms.pregunta",
  "pk": 83,
  "fields": {
    "cuestionario": 44,
    "texto": "Mis padres me gritan o rezongan cuando me porto mal",
    "tipo_respuesta": "ESCALA",
    "orden": 7,
    "codigo": "",
    "requerido": true,
    "ayuda": "",
    "config": {
      "max": 5,
      "min": 1,
      "var": "CBPP_07",
      "labels": {
        "1": "Nunca",
        "2": "Pocas veces",
        "3": "Algunas veces",
        "4": "Muchas veces",
        "5": "Siempre"
      },
      "reverse": false,
      "subscale": "CBPP_TOTAL"
    }
  }
},
{
  "model": "forms.pregunta",
  "pk": 84,
  "fields": {
    "cuestionario": 44,
    "texto": "Mis padres me ofenden y critican para que mejore",
    "tipo_respuesta": "ESCALA",
    "orden": 8,
    "codigo": "",
    "requerido": true,
    "ayuda": "",
    "config": {
      "max": 5,
      "min": 1,
      "var": "CBPP_08",
      "labels": {
        "1": "Nunca",
        "2": "Pocas veces",
        "3": "Algunas veces",
        "4": "Muchas veces",
        "5": "Siempre"
      },
      "reverse": false,
      "subscale": "CBPP_TOTAL"
    }
  }
},
{
  "model": "forms.pregunta",
  "pk": 85,
  "fields": {
    "cuestionario": 44,
    "texto": "Mis padres me jalan (o jalonean) con fuerza cuando soy desobediente",
    "tipo_respuesta": "ESCALA",
    "orden": 9,
    "codigo": "",
    "requerido": true,
    "ayuda": "",
    "config": {
      "max": 5,
      "min": 1,
      "var": "CBPP_09",
      "labels": {
        "1": "Nunca",
        "2": "Pocas veces",
        "3": "Algunas veces",
        "4": "Muchas veces",
        "5": "Siempre"
      },
      "reverse": false,
      "subscale": "CBPP_TOTAL"
    }
  }
},
{
  "model": "forms.pregunta",
  "pk": 86,
  "fields": {
    "cuestionario": 44,
    "texto": "Mis padres están atentos a mis deseos y necesidades",
    "tipo_respuesta": "ESCALA",
    "orden": 10,
    "codigo": "",
    "requerido": true,
    "ayuda": "",
    "config": {
      "max": 5,
      "min": 1,
      "var": "CBPP_10",
      "labels": {
        "1": "Nunca",
        "2": "Pocas veces",
        "3": "Algunas veces",
        "4": "Muchas veces",
        "5": "Siempre"
      },
      "reverse": false,
      "subscale": "CBPP_TOTAL"
    }
  }
},
{
  "model": "forms.pregunta",
  "pk": 87,
  "fields": {
    "cuestionario": 44,
    "texto": "Mis padres discuten conmigo",
    "tipo_respuesta": "ESCALA",
    "orden": 11,
    "codigo": "",
    "requerido": true,
    "ayuda": "",
    "config": {
      "max": 5,
      "min": 1,
      "var": "CBPP_11",
      "labels": {
        "1": "Nunca",
        "2": "Pocas veces",
        "3": "Algunas veces",
        "4": "Muchas veces",
        "5": "Siempre"
      },
      "reverse": false,
      "subscale": "CBPP_TOTAL"
    }
  }
},
{
  "model": "forms.pregunta",
  "pk": 88,
  "fields": {
    "cuestionario": 44,
    "texto": "Mis padres me explican las razones de las reglas que deben ser obedecidas",
    "tipo_respuesta": "ESCALA",
    "orden": 12,
    "codigo": "",
    "requerido": true,
    "ayuda": "",
    "config": {
      "max": 5,
      "min": 1,
      "var": "CBPP_12",
      "labels": {
        "1": "Nunca",
        "2": "Pocas veces",
        "3": "Algunas veces",
        "4": "Muchas veces",
        "5": "Siempre"
      },
      "reverse": false,
      "subscale": "CBPP_TOTAL"
    }
  }
},
{
  "model": "forms.pregunta",
  "pk": 89,
  "fields": {
    "cuestionario": 44,
    "texto": "Mis padres se preocupan más de sus sentimientos que de los míos",
    "tipo_respuesta": "ESCALA",
    "orden": 13,
    "codigo": "",
    "requerido": true,
    "ayuda": "",
    "config": {
      "max": 5,
      "min": 1,
      "var": "CBPP_13",
      "labels": {
        "1": "Nunca",
        "2": "Pocas veces",
        "3": "Algunas veces",
        "4": "Muchas veces",
        "5": "Siempre"
      },
      "reverse": false,
      "subscale": "CBPP_TOTAL"
    }
  }
},
{
  "model": "forms.pregunta",
  "pk": 90,
  "fields": {
    "cuestionario": 44,
    "texto": "Mis padres me dicen que aprecian mis logros o intentos de lograr algo",
    "tipo_respuesta": "ESCALA",
    "orden": 14,
    "codigo": "",
    "requerido": true,
    "ayuda": "",
    "config": {
      "max": 5,
      "min": 1,
      "var": "CBPP_14",
      "labels": {
        "1": "Nunca",
        "2": "Pocas veces",
        "3": "Algunas veces",
        "4": "Muchas veces",
        "5": "Siempre"
      },
      "reverse": false,
      "subscale": "CBPP_TOTAL"
    }
  }
},
{
  "model": "forms.pregunta",
  "pk": 91,
  "fields": {
    "cuestionario": 44,
    "texto": "Mis padres me motivan a que hable acerca de las consecuencias de mis propias acciones",
    "tipo_respuesta": "ESCALA",
    "orden": 15,
    "codigo": "",
    "requerido": true,
    "ayuda": "",
    "config": {
      "max": 5,
      "min": 1,
      "var": "CBPP_15",
      "labels": {
        "1": "Nunca",
        "2": "Pocas veces",
        "3": "Algunas veces",
        "4": "Muchas veces",
        "5": "Siempre"
      },
      "reverse": false,
      "subscale": "CBPP_TOTAL"
    }
  }
},
{
  "model": "forms.pregunta",
  "pk": 92,
  "fields": {
    "cuestionario": 44,
    "texto": "Mis padres explotan en enojo conmigo",
    "tipo_respuesta": "ESCALA",
    "orden": 16,
    "codigo": "",
    "requerido": true,
    "ayuda": "",
    "config": {
      "max": 5,
      "min": 1,
      "var": "CBPP_16",
      "labels": {
        "1": "Nunca",
        "2": "Pocas veces",
        "3": "Algunas veces",
        "4": "Muchas veces",
        "5": "Siempre"
      },
      "reverse": false,
      "subscale": "CBPP_TOTAL"
    }
  }
},
{
  "model": "forms.pregunta",
  "pk": 93,
  "fields": {
    "cuestionario": 44,
    "texto": "Mis padres se dan cuenta de mis problemas y preocupaciones de la escuela (o trabajo)",
    "tipo_respuesta": "ESCALA",
    "orden": 17,
    "codigo": "",
    "requerido": true,
    "ayuda": "",
    "config": {
      "max": 5,
      "min": 1,
      "var": "CBPP_17",
      "labels": {
        "1": "Nunca",
        "2": "Pocas veces",
        "3": "Algunas veces",
        "4": "Muchas veces",
        "5": "Siempre"
      },
      "reverse": false,
      "subscale": "CBPP_TOTAL"
    }
  }
},
{
  "model": "forms.pregunta",
  "pk": 94,
  "fields": {
    "cuestionario": 44,
    "texto": "Mis padres me expresan afecto con abrazos o besos",
    "tipo_respuesta": "ESCALA",
    "orden": 18,
    "codigo": "",
    "requerido": true,
    "ayuda": "",
    "config": {
      "max": 5,
      "min": 1,
      "var": "CBPP_18",
      "labels": {
        "1": "Nunca",
        "2": "Pocas veces",
        "3": "Algunas veces",
        "4": "Muchas veces",
        "5": "Siempre"
      },
      "reverse": false,
      "subscale": "CBPP_TOTAL"
    }
  }
},
{
  "model": "forms.pregunta",
  "pk": 95,
  "fields": {
    "cuestionario": 44,
    "texto": "Mis padres emplean el castigo físico como una manera de disciplinarme",
    "tipo_respuesta": "ESCALA",
    "orden": 19,
    "codigo": "",
    "requerido": true,
    "ayuda": "",
    "config": {
      "max": 5,
      "min": 1,
      "var": "CBPP_19",
      "labels": {
        "1": "Nunca",
        "2": "Pocas veces",
        "3": "Algunas veces",
        "4": "Muchas veces",
        "5": "Siempre"
      },
      "reverse": false,
      "subscale": "CBPP_TOTAL"
    }
  }
},
{
  "model": "forms.pregunta",
  "pk": 96,
  "fields": {
    "cuestionario": 44,
    "texto": "Mis padres hablan y razonan conmigo cuando me porto mal",
    "tipo_respuesta": "ESCALA",
    "orden": 20,
    "codigo": "",
    "requerido": true,
    "ayuda": "",
    "config": {
      "max": 5,
      "min": 1,
      "var": "CBPP_20",
      "labels": {
        "1": "Nunca",
        "2": "Pocas veces",
        "3": "Algunas veces",
        "4": "Muchas veces",
        "5": "Siempre"
      },
      "reverse": false,
      "subscale": "CBPP_TOTAL"
    }
  }
},
{
  "model": "forms.pregunta",
  "pk": 97,
  "fields": {
    "cuestionario": 44,
    "texto": "Mis padres me dan una cachetada cuando me porto mal",
    "tipo_respuesta": "ESCALA",
    "orden": 21,
    "codigo": "",
    "requerido": true,
    "ayuda": "",
    "config": {
      "max": 5,
      "min": 1,
      "var": "CBPP_21",
      "labels": {
        "1": "Nunca",
        "2": "Pocas veces",
        "3": "Algunas veces",
        "4": "Muchas veces",
        "5": "Siempre"
      },
      "reverse": false,
      "subscale": "CBPP_TOTAL"
    }
  }
},
{
  "model": "forms.pregunta",
  "pk": 98,
  "fields": {
    "cuestionario": 44,
    "texto": "Mis padres me animan a que libremente exprese lo que siento cuando no estoy de acuerdo con ellos",
    "tipo_respuesta": "ESCALA",
    "orden": 22,
    "codigo": "",
    "requerido": true,
    "ayuda": "",
    "config": {
      "max": 5,
      "min": 1,
      "var": "CBPP_22",
      "labels": {
        "1": "Nunca",
        "2": "Pocas veces",
        "3": "Algunas veces",
        "4": "Muchas veces",
        "5": "Siempre"
      },
      "reverse": false,
      "subscale": "CBPP_TOTAL"
    }
  }
},
{
  "model": "forms.pregunta",
  "pk": 99,
  "fields": {
    "cuestionario": 44,
    "texto": "Mis padres me ofenden y critican cuando no hago bien lo que tengo que hacer",
    "tipo_respuesta": "ESCALA",
    "orden": 23,
    "codigo": "",
    "requerido": true,
    "ayuda": "",
    "config": {
      "max": 5,
      "min": 1,
      "var": "CBPP_23",
      "labels": {
        "1": "Nunca",
        "2": "Pocas veces",
        "3": "Algunas veces",
        "4": "Muchas veces",
        "5": "Siempre"
      },
      "reverse": false,
      "subscale": "CBPP_TOTAL"
    }
  }
},
{
  "model": "forms.pregunta",
  "pk": 100,
  "fields": {
    "cuestionario": 44,
    "texto": "Mis padres respetan mis opiniones ayudándome a que las exprese",
    "tipo_respuesta": "ESCALA",
    "orden": 24,
    "codigo": "",
    "requerido": true,
    "ayuda": "",
    "config": {
      "max": 5,
      "min": 1,
      "var": "CBPP_24",
      "labels": {
        "1": "Nunca",
        "2": "Pocas veces",
        "3": "Algunas veces",
        "4": "Muchas veces",
        "5": "Siempre"
      },
      "reverse": false,
      "subscale": "CBPP_TOTAL"
    }
  }
},
{
  "model": "forms.pregunta",
  "pk": 101,
  "fields": {
    "cuestionario": 44,
    "texto": "Mis padres me explican cómo se sienten con mi buena o mala conducta",
    "tipo_respuesta": "ESCALA",
    "orden": 25,
    "codigo": "",
    "requerido": true,
    "ayuda": "",
    "config": {
      "max": 5,
      "min": 1,
      "var": "CBPP_25",
      "labels": {
        "1": "Nunca",
        "2": "Pocas veces",
        "3": "Algunas veces",
        "4": "Muchas veces",
        "5": "Siempre"
      },
      "reverse": false,
      "subscale": "CBPP_TOTAL"
    }
  }
},
{
  "model": "forms.pregunta",
  "pk": 102,
  "fields": {
    "cuestionario": 44,
    "texto": "Mis padres me amenazan con castigarme con poca o ninguna justificación",
    "tipo_respuesta": "ESCALA",
    "orden": 26,
    "codigo": "",
    "requerido": true,
    "ayuda": "",
    "config": {
      "max": 5,
      "min": 1,
      "var": "CBPP_26",
      "labels": {
        "1": "Nunca",
        "2": "Pocas veces",
        "3": "Algunas veces",
        "4": "Muchas veces",
        "5": "Siempre"
      },
      "reverse": false,
      "subscale": "CBPP_TOTAL"
    }
  }
},
{
  "model": "forms.pregunta",
  "pk": 103,
  "fields": {
    "cuestionario": 44,
    "texto": "Cuando pregunto a mis padres por qué tengo que hacer algo, me contestan que porque ellos lo dicen o porque es mi mamá (o papá) o porque así lo quieren",
    "tipo_respuesta": "ESCALA",
    "orden": 27,
    "codigo": "",
    "requerido": true,
    "ayuda": "",
    "config": {
      "max": 5,
      "min": 1,
      "var": "CBPP_27",
      "labels": {
        "1": "Nunca",
        "2": "Pocas veces",
        "3": "Algunas veces",
        "4": "Muchas veces",
        "5": "Siempre"
      },
      "reverse": false,
      "subscale": "CBPP_TOTAL"
    }
  }
},
{
  "model": "forms.pregunta",
  "pk": 104,
  "fields": {
    "cuestionario": 44,
    "texto": "Mis padres me exigen que haga las cosas",
    "tipo_respuesta": "ESCALA",
    "orden": 28,
    "codigo": "",
    "requerido": true,
    "ayuda": "",
    "config": {
      "max": 5,
      "min": 1,
      "var": "CBPP_28",
      "labels": {
        "1": "Nunca",
        "2": "Pocas veces",
        "3": "Algunas veces",
        "4": "Muchas veces",
        "5": "Siempre"
      },
      "reverse": false,
      "subscale": "CBPP_TOTAL"
    }
  }
},
{
  "model": "forms.pregunta",
  "pk": 105,
  "fields": {
    "cuestionario": 44,
    "texto": "Mis padres me jalan (jalonean) cuando soy desobediente",
    "tipo_respuesta": "ESCALA",
    "orden": 29,
    "codigo": "",
    "requerido": true,
    "ayuda": "",
    "config": {
      "max": 5,
      "min": 1,
      "var": "CBPP_29",
      "labels": {
        "1": "Nunca",
        "2": "Pocas veces",
        "3": "Algunas veces",
        "4": "Muchas veces",
        "5": "Siempre"
      },
      "reverse": false,
      "subscale": "CBPP_TOTAL"
    }
  }
},
{
  "model": "forms.pregunta",
  "pk": 106,
  "fields": {
    "cuestionario": 44,
    "texto": "Mis padres me explican las razones de las reglas (de la casa)",
    "tipo_respuesta": "ESCALA",
    "orden": 30,
    "codigo": "",
    "requerido": true,
    "ayuda": "",
    "config": {
      "max": 5,
      "min": 1,
      "var": "CBPP_30",
      "labels": {
        "1": "Nunca",
        "2": "Pocas veces",
        "3": "Algunas veces",
        "4": "Muchas veces",
        "5": "Siempre"
      },
      "reverse": false,
      "subscale": "CBPP_TOTAL"
    }
  }
},
{
  "model": "forms.pregunta",
  "pk": 107,
  "fields": {
    "cuestionario": 45,
    "texto": "¿Cómo evaluarías tu calidad de vida",
    "tipo_respuesta": "ESCALA",
    "orden": 1,
    "codigo": "WHOQOL_01",
    "requerido": true,
    "ayuda": "",
    "config": {
      "max": 5,
      "min": 1,
      "var": "WHOQOL_01",
      "labels": {
        "1": "Muy pobre",
        "2": "Pobre",
        "3": "Ni pobre ni buena",
        "4": "Buena",
        "5": "Muy buena"
      },
      "reverse": false,
      "subscale": "X_WHOQOL_OVERALL"
    }
  }
},
{
  "model": "forms.pregunta",
  "pk": 108,
  "fields": {
    "cuestionario": 45,
    "texto": "¿Qué tan satisfecho estás con tu salud?",
    "tipo_respuesta": "ESCALA",
    "orden": 2,
    "codigo": "WHOQOL_02",
    "requerido": true,
    "ayuda": "",
    "config": {
      "max": 5,
      "min": 1,
      "var": "WHOQOL_02",
      "labels": {
        "1": "Muy insatisfecho",
        "2": "Insatisfecho",
        "3": "Ni satisfecho ni insatisfecho",
        "4": "Satisfecho",
        "5": "Muy satisfecho"
      },
      "reverse": true,
      "subscale": "X_WHOQOL_OVERALL"
    }
  }
},
{
  "model": "forms.pregunta",
  "pk": 109,
  "fields": {
    "cuestionario": 45,
    "texto": "¿Qué tanto sientes que el dolor físico te impide realizar lo que necesitas hacer?",
    "tipo_respuesta": "ESCALA",
    "orden": 3,
    "codigo": "WHOQOL_03",
    "requerido": true,
    "ayuda": "",
    "config": {
      "max": 5,
      "min": 1,
      "var": "WHOQOL_03",
      "labels": {
        "1": "Nada en lo absoluto",
        "2": "Un poco",
        "3": "Moderadamente",
        "4": "Bastante",
        "5": "Completamente"
      },
      "reverse": true,
      "subscale": "X_WHOQOL_PHYS"
    }
  }
},
{
  "model": "forms.pregunta",
  "pk": 110,
  "fields": {
    "cuestionario": 45,
    "texto": "¿Qué tanto necesitas de algún tratamiento médico para funcionar en tu vida diaria?",
    "tipo_respuesta": "ESCALA",
    "orden": 4,
    "codigo": "WHOQOL_04",
    "requerido": true,
    "ayuda": "",
    "config": {
      "max": 5,
      "min": 1,
      "var": "WHOQOL_04",
      "labels": {
        "1": "Nada en lo absoluto",
        "2": "Un poco",
        "3": "Moderadamente",
        "4": "Bastante",
        "5": "Completamente"
      },
      "reverse": true,
      "subscale": "X_WHOQOL_PHYS"
    }
  }
},
{
  "model": "forms.pregunta",
  "pk": 111,
  "fields": {
    "cuestionario": 45,
    "texto": "¿Cuánto disfrutas la vida?",
    "tipo_respuesta": "ESCALA",
    "orden": 5,
    "codigo": "WHOQOL_05",
    "requerido": true,
    "ayuda": "",
    "config": {
      "max": 5,
      "min": 1,
      "var": "WHOQOL_05",
      "labels": {
        "1": "Nada en lo absoluto",
        "2": "Un poco",
        "3": "Moderadamente",
        "4": "Bastante",
        "5": "Completamente"
      },
      "reverse": false,
      "subscale": "X_WHOQOL_PSYCH"
    }
  }
},
{
  "model": "forms.pregunta",
  "pk": 112,
  "fields": {
    "cuestionario": 45,
    "texto": "¿Hasta dónde sientes que tu vida tiene un significado (religioso, espiritual o personal)?",
    "tipo_respuesta": "ESCALA",
    "orden": 6,
    "codigo": "WHOQOL_06",
    "requerido": true,
    "ayuda": "",
    "config": {
      "max": 5,
      "min": 1,
      "var": "WHOQOL_06",
      "labels": {
        "1": "Nada en lo absoluto",
        "2": "Un poco",
        "3": "Moderadamente",
        "4": "Bastante",
        "5": "Completamente"
      },
      "reverse": false,
      "subscale": "X_WHOQOL_PSYCH"
    }
  }
},
{
  "model": "forms.pregunta",
  "pk": 113,
  "fields": {
    "cuestionario": 45,
    "texto": "¿Cuánta capacidad tienes para concentrarte?",
    "tipo_respuesta": "ESCALA",
    "orden": 7,
    "codigo": "WHOQOL_07",
    "requerido": true,
    "ayuda": "",
    "config": {
      "max": 5,
      "min": 1,
      "var": "WHOQOL_07",
      "labels": {
        "1": "Nada en lo absoluto",
        "2": "Un poco",
        "3": "Moderadamente",
        "4": "Bastante",
        "5": "Completamente"
      },
      "reverse": false,
      "subscale": "X_WHOQOL_PSYCH"
    }
  }
},
{
  "model": "forms.pregunta",
  "pk": 114,
  "fields": {
    "cuestionario": 45,
    "texto": "¿Qué tanta seguridad sientes en tu vida diaria?",
    "tipo_respuesta": "ESCALA",
    "orden": 8,
    "codigo": "WHOQOL_08",
    "requerido": true,
    "ayuda": "",
    "config": {
      "max": 5,
      "min": 1,
      "var": "WHOQOL_08",
      "labels": {
        "1": "Nada en lo absoluto",
        "2": "Un poco",
        "3": "Moderadamente",
        "4": "Bastante",
        "5": "Completamente"
      },
      "reverse": false,
      "subscale": "X_WHOQOL_ENV"
    }
  }
},
{
  "model": "forms.pregunta",
  "pk": 115,
  "fields": {
    "cuestionario": 45,
    "texto": "¿Qué tan saludable es tu medio ambiente físico?",
    "tipo_respuesta": "ESCALA",
    "orden": 9,
    "codigo": "WHOQOL_09",
    "requerido": true,
    "ayuda": "",
    "config": {
      "max": 5,
      "min": 1,
      "var": "WHOQOL_09",
      "labels": {
        "1": "Nada en lo absoluto",
        "2": "Un poco",
        "3": "Moderadamente",
        "4": "Bastante",
        "5": "Completamente"
      },
      "reverse": false,
      "subscale": "X_WHOQOL_ENV"
    }
  }
},
{
  "model": "forms.pregunta",
  "pk": 116,
  "fields": {
    "cuestionario": 45,
    "texto": "¿Cuánta energía tienes para su vida diaria?",
    "tipo_respuesta": "ESCALA",
    "orden": 10,
    "codigo": "WHOQOL_10",
    "requerido": true,
    "ayuda": "",
    "config": {
      "max": 5,
      "min": 1,
      "var": "WHOQOL_10",
      "labels": {
        "1": "Nada en lo absoluto",
        "2": "Un poco",
        "3": "Moderadamente",
        "4": "Bastante",
        "5": "Muy satisfecho"
      },
      "reverse": false,
      "subscale": "X_WHOQOL_PHYS"
    }
  }
},
{
  "model": "forms.pregunta",
  "pk": 117,
  "fields": {
    "cuestionario": 45,
    "texto": "¿Qué tanto aceptas su apariencia corporal?",
    "tipo_respuesta": "ESCALA",
    "orden": 11,
    "codigo": "WHOQOL_11",
    "requerido": true,
    "ayuda": "",
    "config": {
      "max": 5,
      "min": 1,
      "var": "WHOQOL_11",
      "labels": {
        "1": "Nada en lo absoluto",
        "2": "Un poco",
        "3": "Moderadamente",
        "4": "Bastante",
        "5": "Muy satisfecho"
      },
      "reverse": false,
      "subscale": "X_WHOQOL_PSYCH"
    }
  }
},
{
  "model": "forms.pregunta",
  "pk": 118,
  "fields": {
    "cuestionario": 45,
    "texto": "¿Tienes suficiente dinero para cubrir sus necesidades?",
    "tipo_respuesta": "ESCALA",
    "orden": 12,
    "codigo": "WHOQOL_12",
    "requerido": true,
    "ayuda": "",
    "config": {
      "max": 5,
      "min": 1,
      "var": "WHOQOL_12",
      "labels": {
        "1": "Nada en lo absoluto",
        "2": "Un poco",
        "3": "Moderadamente",
        "4": "Bastante",
        "5": "Muy satisfecho"
      },
      "reverse": false,
      "subscale": "X_WHOQOL_ENV"
    }
  }
},
{
  "model": "forms.pregunta",
  "pk": 119,
  "fields": {
    "cuestionario": 45,
    "texto": "¿Qué tan disponible esta la información que necesitas en su vida diaria?",
    "tipo_respuesta": "ESCALA",
    "orden": 13,
    "codigo": "WHOQOL_13",
    "requerido": true,
    "ayuda": "",
    "config": {
      "max": 5,
      "min": 1,
      "var": "WHOQOL_13",
      "labels": {
        "1": "Nada en lo absoluto",
        "2": "Un poco",
        "3": "Moderadamente",
        "4": "Bastante",
        "5": "Muy satisfecho"
      },
      "reverse": false,
      "subscale": "X_WHOQOL_ENV"
    }
  }
},
{
  "model": "forms.pregunta",
  "pk": 120,
  "fields": {
    "cuestionario": 45,
    "texto": "¿Qué tantas oportunidades tienes para participar en actividades recreativas?",
    "tipo_respuesta": "ESCALA",
    "orden": 14,
    "codigo": "WHOQOL_14",
    "requerido": true,
    "ayuda": "",
    "config": {
      "max": 5,
      "min": 1,
      "var": "WHOQOL_14",
      "labels": {
        "1": "Nada en lo absoluto",
        "2": "Un poco",
        "3": "Moderadamente",
        "4": "Bastante",
        "5": "Muy satisfecho"
      },
      "reverse": false,
      "subscale": "X_WHOQOL_ENV"
    }
  }
},
{
  "model": "forms.pregunta",
  "pk": 121,
  "fields": {
    "cuestionario": 45,
    "texto": "¿Qué tan capaz te sientes para moverte a su alrededor?",
    "tipo_respuesta": "ESCALA",
    "orden": 15,
    "codigo": "WHOQOL_15",
    "requerido": true,
    "ayuda": "",
    "config": {
      "max": 5,
      "min": 1,
      "var": "WHOQOL_15",
      "labels": {
        "1": "Nada en lo absoluto",
        "2": "Un poco",
        "3": "Moderadamente",
        "4": "Bastante",
        "5": "Muy satisfecho"
      },
      "reverse": false,
      "subscale": "X_WHOQOL_PHYS"
    }
  }
},
{
  "model": "forms.pregunta",
  "pk": 122,
  "fields": {
    "cuestionario": 45,
    "texto": "¿Qué tan satisfecho estás con su sueño?",
    "tipo_respuesta": "ESCALA",
    "orden": 16,
    "codigo": "WHOQOL_16",
    "requerido": true,
    "ayuda": "",
    "config": {
      "max": 5,
      "min": 1,
      "var": "WHOQOL_16",
      "labels": {
        "1": "Muy insatisfecho",
        "2": "Insatisfecho",
        "3": "Ni satisfecho ni insatisfecho",
        "4": "Satisfecho",
        "5": "Muy satisfecho"
      },
      "reverse": false,
      "subscale": "X_WHOQOL_PHYS"
    }
  }
},
{
  "model": "forms.pregunta",
  "pk": 123,
  "fields": {
    "cuestionario": 45,
    "texto": "¿Te satisface tu habilidad para llevar a cabo tus actividades en la vida diaria?",
    "tipo_respuesta": "ESCALA",
    "orden": 17,
    "codigo": "WHOQOL_17",
    "requerido": true,
    "ayuda": "",
    "config": {
      "max": 5,
      "min": 1,
      "var": "WHOQOL_17",
      "labels": {
        "1": "Muy insatisfecho",
        "2": "Insatisfecho",
        "3": "Ni satisfecho ni insatisfecho",
        "4": "Satisfecho",
        "5": "Muy satisfecho"
      },
      "reverse": false,
      "subscale": "X_WHOQOL_PHYS"
    }
  }
},
{
  "model": "forms.pregunta",
  "pk": 124,
  "fields": {
    "cuestionario": 45,
    "texto": "¿Estás satisfecho con tu capacidad para trabajar?",
    "tipo_respuesta": "ESCALA",
    "orden": 18,
    "codigo": "WHOQOL_18",
    "requerido": true,
    "ayuda": "",
    "config": {
      "max": 5,
      "min": 1,
      "var": "WHOQOL_18",
      "labels": {
        "1": "Muy insatisfecho",
        "2": "Insatisfecho",
        "3": "Ni satisfecho ni insatisfecho",
        "4": "Satisfecho",
        "5": "Muy satisfecho"
      },
      "reverse": false,
      "subscale": "X_WHOQOL_PHYS"
    }
  }
},
{
  "model": "forms.pregunta",
  "pk": 125,
  "fields": {
    "cuestionario": 45,
    "texto": "¿Se siente satisfecho con su vida?",
    "tipo_respuesta": "ESCALA",
    "orden": 19,
    "codigo": "WHOQOL_19",
    "requerido": true,
    "ayuda": "",
    "config": {
      "max": 5,
      "min": 1,
      "var": "WHOQOL_19",
      "labels": {
        "1": "Muy insatisfecho",
        "2": "Insatisfecho",
        "3": "Ni satisfecho ni insatisfecho",
        "4": "Satisfecho",
        "5": "Muy satisfecho"
      },
      "reverse": false,
      "subscale": "X_WHOQOL_PSYCH"
    }
  }
},
{
  "model": "forms.pregunta",
  "pk": 126,
  "fields": {
    "cuestionario": 45,
    "texto": "¿Qué tan satisfecho está con sus relaciones personales?",
    "tipo_respuesta": "ESCALA",
    "orden": 20,
    "codigo": "WHOQOL_20",
    "requerido": true,
    "ayuda": "",
    "config": {
      "max": 5,
      "min": 1,
      "var": "WHOQOL_20",
      "labels": {
        "1": "Muy insatisfecho",
        "2": "Insatisfecho",
        "3": "Ni satisfecho ni insatisfecho",
        "4": "Satisfecho",
        "5": "Muy satisfecho"
      },
      "reverse": false,
      "subscale": "X_WHOQOL_SOCIAL"
    }
  }
},
{
  "model": "forms.pregunta",
  "pk": 127,
  "fields": {
    "cuestionario": 45,
    "texto": "¿Qué tan satisfecho está con su vida sexual?",
    "tipo_respuesta": "ESCALA",
    "orden": 21,
    "codigo": "WHOQOL_21",
    "requerido": true,
    "ayuda": "",
    "config": {
      "max": 5,
      "min": 1,
      "var": "WHOQOL_21",
      "labels": {
        "1": "Muy insatisfecho",
        "2": "Insatisfecho",
        "3": "Ni satisfecho ni insatisfecho",
        "4": "Satisfecho",
        "5": "Muy satisfecho"
      },
      "reverse": false,
      "subscale": "X_WHOQOL_SOCIAL"
    }
  }
},
{
  "model": "forms.pregunta",
  "pk": 128,
  "fields": {
    "cuestionario": 45,
    "texto": "¿Cómo se siente con el apoyo que le brindan sus amigos?",
    "tipo_respuesta": "ESCALA",
    "orden": 22,
    "codigo": "WHOQOL_22",
    "requerido": true,
    "ayuda": "",
    "config": {
      "max": 5,
      "min": 1,
      "var": "WHOQOL_22",
      "labels": {
        "1": "Muy insatisfecho",
        "2": "Insatisfecho",
        "3": "Ni satisfecho ni insatisfecho",
        "4": "Satisfecho",
        "5": "Muy satisfecho"
      },
      "reverse": false,
      "subscale": "X_WHOQOL_SOCIAL"
    }
  }
},
{
  "model": "forms.pregunta",
  "pk": 129,
  "fields": {
    "cuestionario": 45,
    "texto": "¿Qué tan satisfecho esta con las condiciones del lugar donde vive?",
    "tipo_respuesta": "ESCALA",
    "orden": 23,
    "codigo": "WHOQOL_23",
    "requerido": true,
    "ayuda": "",
    "config": {
      "max": 5,
      "min": 1,
      "var": "WHOQOL_23",
      "labels": {
        "1": "Muy insatisfecho",
        "2": "Insatisfecho",
        "3": "Ni satisfecho ni insatisfecho",
        "4": "Satisfecho",
        "5": "Muy satisfecho"
      },
      "reverse": false,
      "subscale": "X_WHOQOL_ENV"
    }
  }
},
{
  "model": "forms.pregunta",
  "pk": 130,
  "fields": {
    "cuestionario": 45,
    "texto": "¿Qué tan satisfecho está con el acceso que tiene a los servicios de salud?",
    "tipo_respuesta": "ESCALA",
    "orden": 24,
    "codigo": "WHOQOL_24",
    "requerido": true,
    "ayuda": "",
    "config": {
      "max": 5,
      "min": 1,
      "var": "WHOQOL_24",
      "labels": {
        "1": "Muy insatisfecho",
        "2": "Insatisfecho",
        "3": "Ni satisfecho ni insatisfecho",
        "4": "Satisfecho",
        "5": "Muy satisfecho"
      },
      "reverse": false,
      "subscale": "X_WHOQOL_ENV"
    }
  }
},
{
  "model": "forms.pregunta",
  "pk": 131,
  "fields": {
    "cuestionario": 45,
    "texto": "¿Qué tan satisfecho está con los medios de transporte que utiliza?",
    "tipo_respuesta": "ESCALA",
    "orden": 25,
    "codigo": "WHOQOL_25",
    "requerido": true,
    "ayuda": "",
    "config": {
      "max": 5,
      "min": 1,
      "var": "WHOQOL_25",
      "labels": {
        "1": "Muy insatisfecho",
        "2": "Insatisfecho",
        "3": "Ni satisfecho ni insatisfecho",
        "4": "Satisfecho",
        "5": "Muy satisfecho"
      },
      "reverse": false,
      "subscale": "X_WHOQOL_ENV"
    }
  }
},
{
  "model": "forms.pregunta",
  "pk": 132,
  "fields": {
    "cuestionario": 45,
    "texto": "¿Con qué frecuencia ha experimentado sentimientos negativos tales como tristeza, desesperación, ansiedad o depresión?",
    "tipo_respuesta": "ESCALA",
    "orden": 26,
    "codigo": "WHOQOL_26",
    "requerido": true,
    "ayuda": "",
    "config": {
      "max": 5,
      "min": 1,
      "var": "WHOQOL_26",
      "labels": {
        "1": "Nunca",
        "2": "Rara vez",
        "3": "Con frecuencia",
        "4": "Muy seguido",
        "5": "Siempre"
      },
      "reverse": true,
      "subscale": "X_WHOQOL_PSYCH"
    }
  }
},
{
  "model": "forms.sesionevaluacion",
  "pk": 38,
  "fields": {
    "fecha_inicio": "2026-02-09T05:44:31.173Z",
    "fecha_fin": null,
    "estado": "EN_CURSO",
    "cuestionario": 35,
    "estudiante": 18,
    "psicologo": null,
    "fecha_asignacion": null
  }
},
{
  "model": "forms.sesionevaluacion",
  "pk": 39,
  "fields": {
    "fecha_inicio": "2026-02-10T04:33:43.536Z",
    "fecha_fin": "2026-02-10T06:56:42.137Z",
    "estado": "COMPLETADA",
    "cuestionario": 35,
    "estudiante": 4,
    "psicologo": 1,
    "fecha_asignacion": "2026-02-10T06:58:05.211Z"
  }
},
{
  "model": "forms.sesionevaluacion",
  "pk": 40,
  "fields": {
    "fecha_inicio": "2026-02-10T04:33:49.441Z",
    "fecha_fin": "2026-02-10T04:34:26.824Z",
    "estado": "COMPLETADA",
    "cuestionario": 43,
    "estudiante": 4,
    "psicologo": 1,
    "fecha_asignacion": "2026-02-10T04:35:06.598Z"
  }
},
{
  "model": "forms.sesionevaluacion",
  "pk": 41,
  "fields": {
    "fecha_inicio": "2026-02-10T06:56:47.430Z",
    "fecha_fin": "2026-02-10T06:57:31.729Z",
    "estado": "COMPLETADA",
    "cuestionario": 45,
    "estudiante": 4,
    "psicologo": 1,
    "fecha_asignacion": "2026-02-10T06:57:59.498Z"
  }
},
{
  "model": "forms.respuesta",
  "pk": 288,
  "fields": {
    "sesion": 40,
    "pregunta": 28,
    "opcion_seleccionada": null,
    "valor_numerico": 5.0,
    "valor_texto": null,
    "opciones_multiple": []
  }
},
{
  "model": "forms.respuesta",
  "pk": 289,
  "fields": {
    "sesion": 40,
    "pregunta": 29,
    "opcion_seleccionada": null,
    "valor_numerico": 5.0,
    "valor_texto": null,
    "opciones_multiple": []
  }
},
{
  "model": "forms.respuesta",
  "pk": 290,
  "fields": {
    "sesion": 40,
    "pregunta": 30,
    "opcion_seleccionada": null,
    "valor_numerico": 5.0,
    "valor_texto": null,
    "opciones_multiple": []
  }
},
{
  "model": "forms.respuesta",
  "pk": 291,
  "fields": {
    "sesion": 40,
    "pregunta": 31,
    "opcion_seleccionada": null,
    "valor_numerico": 5.0,
    "valor_texto": null,
    "opciones_multiple": []
  }
},
{
  "model": "forms.respuesta",
  "pk": 292,
  "fields": {
    "sesion": 40,
    "pregunta": 32,
    "opcion_seleccionada": null,
    "valor_numerico": 5.0,
    "valor_texto": null,
    "opciones_multiple": []
  }
},
{
  "model": "forms.respuesta",
  "pk": 293,
  "fields": {
    "sesion": 40,
    "pregunta": 33,
    "opcion_seleccionada": null,
    "valor_numerico": 5.0,
    "valor_texto": null,
    "opciones_multiple": []
  }
},
{
  "model": "forms.respuesta",
  "pk": 294,
  "fields": {
    "sesion": 40,
    "pregunta": 35,
    "opcion_seleccionada": null,
    "valor_numerico": 5.0,
    "valor_texto": null,
    "opciones_multiple": []
  }
},
{
  "model": "forms.respuesta",
  "pk": 295,
  "fields": {
    "sesion": 40,
    "pregunta": 36,
    "opcion_seleccionada": null,
    "valor_numerico": 5.0,
    "valor_texto": null,
    "opciones_multiple": []
  }
},
{
  "model": "forms.respuesta",
  "pk": 296,
  "fields": {
    "sesion": 40,
    "pregunta": 37,
    "opcion_seleccionada": null,
    "valor_numerico": 5.0,
    "valor_texto": null,
    "opciones_multiple": []
  }
},
{
  "model": "forms.respuesta",
  "pk": 297,
  "fields": {
    "sesion": 40,
    "pregunta": 38,
    "opcion_seleccionada": null,
    "valor_numerico": 5.0,
    "valor_texto": null,
    "opciones_multiple": []
  }
},
{
  "model": "forms.respuesta",
  "pk": 298,
  "fields": {
    "sesion": 40,
    "pregunta": 39,
    "opcion_seleccionada": null,
    "valor_numerico": 5.0,
    "valor_texto": null,
    "opciones_multiple": []
  }
},
{
  "model": "forms.respuesta",
  "pk": 299,
  "fields": {
    "sesion": 40,
    "pregunta": 40,
    "opcion_seleccionada": null,
    "valor_numerico": 5.0,
    "valor_texto": null,
    "opciones_multiple": []
  }
},
{
  "model": "forms.respuesta",
  "pk": 300,
  "fields": {
    "sesion": 40,
    "pregunta": 41,
    "opcion_seleccionada": null,
    "valor_numerico": 5.0,
    "valor_texto": null,
    "opciones_multiple": []
  }
},
{
  "model": "forms.respuesta",
  "pk": 301,
  "fields": {
    "sesion": 40,
    "pregunta": 42,
    "opcion_seleccionada": null,
    "valor_numerico": 5.0,
    "valor_texto": null,
    "opciones_multiple": []
  }
},
{
  "model": "forms.respuesta",
  "pk": 302,
  "fields": {
    "sesion": 40,
    "pregunta": 43,
    "opcion_seleccionada": null,
    "valor_numerico": 5.0,
    "valor_texto": null,
    "opciones_multiple": []
  }
},
{
  "model": "forms.respuesta",
  "pk": 303,
  "fields": {
    "sesion": 40,
    "pregunta": 44,
    "opcion_seleccionada": null,
    "valor_numerico": 5.0,
    "valor_texto": null,
    "opciones_multiple": []
  }
},
{
  "model": "forms.respuesta",
  "pk": 304,
  "fields": {
    "sesion": 40,
    "pregunta": 45,
    "opcion_seleccionada": null,
    "valor_numerico": 5.0,
    "valor_texto": null,
    "opciones_multiple": []
  }
},
{
  "model": "forms.respuesta",
  "pk": 305,
  "fields": {
    "sesion": 40,
    "pregunta": 46,
    "opcion_seleccionada": null,
    "valor_numerico": 5.0,
    "valor_texto": null,
    "opciones_multiple": []
  }
},
{
  "model": "forms.respuesta",
  "pk": 306,
  "fields": {
    "sesion": 40,
    "pregunta": 47,
    "opcion_seleccionada": null,
    "valor_numerico": 5.0,
    "valor_texto": null,
    "opciones_multiple": []
  }
},
{
  "model": "forms.respuesta",
  "pk": 307,
  "fields": {
    "sesion": 40,
    "pregunta": 48,
    "opcion_seleccionada": null,
    "valor_numerico": 5.0,
    "valor_texto": null,
    "opciones_multiple": []
  }
},
{
  "model": "forms.respuesta",
  "pk": 308,
  "fields": {
    "sesion": 39,
    "pregunta": 24,
    "opcion_seleccionada": null,
    "valor_numerico": 2.0,
    "valor_texto": null,
    "opciones_multiple": []
  }
},
{
  "model": "forms.respuesta",
  "pk": 309,
  "fields": {
    "sesion": 39,
    "pregunta": 25,
    "opcion_seleccionada": null,
    "valor_numerico": 2.0,
    "valor_texto": null,
    "opciones_multiple": []
  }
},
{
  "model": "forms.respuesta",
  "pk": 310,
  "fields": {
    "sesion": 39,
    "pregunta": 49,
    "opcion_seleccionada": null,
    "valor_numerico": 3.0,
    "valor_texto": null,
    "opciones_multiple": []
  }
},
{
  "model": "forms.respuesta",
  "pk": 311,
  "fields": {
    "sesion": 39,
    "pregunta": 50,
    "opcion_seleccionada": null,
    "valor_numerico": 4.0,
    "valor_texto": null,
    "opciones_multiple": []
  }
},
{
  "model": "forms.respuesta",
  "pk": 312,
  "fields": {
    "sesion": 39,
    "pregunta": 51,
    "opcion_seleccionada": null,
    "valor_numerico": 3.0,
    "valor_texto": null,
    "opciones_multiple": []
  }
},
{
  "model": "forms.respuesta",
  "pk": 313,
  "fields": {
    "sesion": 39,
    "pregunta": 52,
    "opcion_seleccionada": null,
    "valor_numerico": 2.0,
    "valor_texto": null,
    "opciones_multiple": []
  }
},
{
  "model": "forms.respuesta",
  "pk": 314,
  "fields": {
    "sesion": 39,
    "pregunta": 53,
    "opcion_seleccionada": null,
    "valor_numerico": 2.0,
    "valor_texto": null,
    "opciones_multiple": []
  }
},
{
  "model": "forms.respuesta",
  "pk": 315,
  "fields": {
    "sesion": 39,
    "pregunta": 54,
    "opcion_seleccionada": null,
    "valor_numerico": 3.0,
    "valor_texto": null,
    "opciones_multiple": []
  }
},
{
  "model": "forms.respuesta",
  "pk": 316,
  "fields": {
    "sesion": 39,
    "pregunta": 55,
    "opcion_seleccionada": null,
    "valor_numerico": 2.0,
    "valor_texto": null,
    "opciones_multiple": []
  }
},
{
  "model": "forms.respuesta",
  "pk": 317,
  "fields": {
    "sesion": 39,
    "pregunta": 56,
    "opcion_seleccionada": null,
    "valor_numerico": 4.0,
    "valor_texto": null,
    "opciones_multiple": []
  }
},
{
  "model": "forms.respuesta",
  "pk": 318,
  "fields": {
    "sesion": 39,
    "pregunta": 57,
    "opcion_seleccionada": null,
    "valor_numerico": 2.0,
    "valor_texto": null,
    "opciones_multiple": []
  }
},
{
  "model": "forms.respuesta",
  "pk": 319,
  "fields": {
    "sesion": 39,
    "pregunta": 58,
    "opcion_seleccionada": null,
    "valor_numerico": 4.0,
    "valor_texto": null,
    "opciones_multiple": []
  }
},
{
  "model": "forms.respuesta",
  "pk": 320,
  "fields": {
    "sesion": 39,
    "pregunta": 59,
    "opcion_seleccionada": null,
    "valor_numerico": 2.0,
    "valor_texto": null,
    "opciones_multiple": []
  }
},
{
  "model": "forms.respuesta",
  "pk": 321,
  "fields": {
    "sesion": 39,
    "pregunta": 60,
    "opcion_seleccionada": null,
    "valor_numerico": 2.0,
    "valor_texto": null,
    "opciones_multiple": []
  }
},
{
  "model": "forms.respuesta",
  "pk": 322,
  "fields": {
    "sesion": 39,
    "pregunta": 61,
    "opcion_seleccionada": null,
    "valor_numerico": 4.0,
    "valor_texto": null,
    "opciones_multiple": []
  }
},
{
  "model": "forms.respuesta",
  "pk": 323,
  "fields": {
    "sesion": 39,
    "pregunta": 62,
    "opcion_seleccionada": null,
    "valor_numerico": 2.0,
    "valor_texto": null,
    "opciones_multiple": []
  }
},
{
  "model": "forms.respuesta",
  "pk": 324,
  "fields": {
    "sesion": 39,
    "pregunta": 63,
    "opcion_seleccionada": null,
    "valor_numerico": 4.0,
    "valor_texto": null,
    "opciones_multiple": []
  }
},
{
  "model": "forms.respuesta",
  "pk": 325,
  "fields": {
    "sesion": 39,
    "pregunta": 64,
    "opcion_seleccionada": null,
    "valor_numerico": 2.0,
    "valor_texto": null,
    "opciones_multiple": []
  }
},
{
  "model": "forms.respuesta",
  "pk": 326,
  "fields": {
    "sesion": 39,
    "pregunta": 65,
    "opcion_seleccionada": null,
    "valor_numerico": 4.0,
    "valor_texto": null,
    "opciones_multiple": []
  }
},
{
  "model": "forms.respuesta",
  "pk": 327,
  "fields": {
    "sesion": 39,
    "pregunta": 66,
    "opcion_seleccionada": null,
    "valor_numerico": 2.0,
    "valor_texto": null,
    "opciones_multiple": []
  }
},
{
  "model": "forms.respuesta",
  "pk": 328,
  "fields": {
    "sesion": 39,
    "pregunta": 67,
    "opcion_seleccionada": null,
    "valor_numerico": 3.0,
    "valor_texto": null,
    "opciones_multiple": []
  }
},
{
  "model": "forms.respuesta",
  "pk": 329,
  "fields": {
    "sesion": 39,
    "pregunta": 68,
    "opcion_seleccionada": null,
    "valor_numerico": 3.0,
    "valor_texto": null,
    "opciones_multiple": []
  }
},
{
  "model": "forms.respuesta",
  "pk": 330,
  "fields": {
    "sesion": 39,
    "pregunta": 69,
    "opcion_seleccionada": null,
    "valor_numerico": 3.0,
    "valor_texto": null,
    "opciones_multiple": []
  }
},
{
  "model": "forms.respuesta",
  "pk": 331,
  "fields": {
    "sesion": 39,
    "pregunta": 70,
    "opcion_seleccionada": null,
    "valor_numerico": 3.0,
    "valor_texto": null,
    "opciones_multiple": []
  }
},
{
  "model": "forms.respuesta",
  "pk": 332,
  "fields": {
    "sesion": 39,
    "pregunta": 71,
    "opcion_seleccionada": null,
    "valor_numerico": 3.0,
    "valor_texto": null,
    "opciones_multiple": []
  }
},
{
  "model": "forms.respuesta",
  "pk": 333,
  "fields": {
    "sesion": 39,
    "pregunta": 72,
    "opcion_seleccionada": null,
    "valor_numerico": 3.0,
    "valor_texto": null,
    "opciones_multiple": []
  }
},
{
  "model": "forms.respuesta",
  "pk": 334,
  "fields": {
    "sesion": 39,
    "pregunta": 73,
    "opcion_seleccionada": null,
    "valor_numerico": 3.0,
    "valor_texto": null,
    "opciones_multiple": []
  }
},
{
  "model": "forms.respuesta",
  "pk": 335,
  "fields": {
    "sesion": 39,
    "pregunta": 74,
    "opcion_seleccionada": null,
    "valor_numerico": 3.0,
    "valor_texto": null,
    "opciones_multiple": []
  }
},
{
  "model": "forms.respuesta",
  "pk": 336,
  "fields": {
    "sesion": 39,
    "pregunta": 75,
    "opcion_seleccionada": null,
    "valor_numerico": 2.0,
    "valor_texto": null,
    "opciones_multiple": []
  }
},
{
  "model": "forms.respuesta",
  "pk": 337,
  "fields": {
    "sesion": 39,
    "pregunta": 76,
    "opcion_seleccionada": null,
    "valor_numerico": 2.0,
    "valor_texto": null,
    "opciones_multiple": []
  }
},
{
  "model": "forms.respuesta",
  "pk": 338,
  "fields": {
    "sesion": 41,
    "pregunta": 107,
    "opcion_seleccionada": null,
    "valor_numerico": 2.0,
    "valor_texto": null,
    "opciones_multiple": []
  }
},
{
  "model": "forms.respuesta",
  "pk": 339,
  "fields": {
    "sesion": 41,
    "pregunta": 108,
    "opcion_seleccionada": null,
    "valor_numerico": 2.0,
    "valor_texto": null,
    "opciones_multiple": []
  }
},
{
  "model": "forms.respuesta",
  "pk": 340,
  "fields": {
    "sesion": 41,
    "pregunta": 109,
    "opcion_seleccionada": null,
    "valor_numerico": 2.0,
    "valor_texto": null,
    "opciones_multiple": []
  }
},
{
  "model": "forms.respuesta",
  "pk": 341,
  "fields": {
    "sesion": 41,
    "pregunta": 110,
    "opcion_seleccionada": null,
    "valor_numerico": 2.0,
    "valor_texto": null,
    "opciones_multiple": []
  }
},
{
  "model": "forms.respuesta",
  "pk": 342,
  "fields": {
    "sesion": 41,
    "pregunta": 111,
    "opcion_seleccionada": null,
    "valor_numerico": 2.0,
    "valor_texto": null,
    "opciones_multiple": []
  }
},
{
  "model": "forms.respuesta",
  "pk": 343,
  "fields": {
    "sesion": 41,
    "pregunta": 112,
    "opcion_seleccionada": null,
    "valor_numerico": 2.0,
    "valor_texto": null,
    "opciones_multiple": []
  }
},
{
  "model": "forms.respuesta",
  "pk": 344,
  "fields": {
    "sesion": 41,
    "pregunta": 113,
    "opcion_seleccionada": null,
    "valor_numerico": 2.0,
    "valor_texto": null,
    "opciones_multiple": []
  }
},
{
  "model": "forms.respuesta",
  "pk": 345,
  "fields": {
    "sesion": 41,
    "pregunta": 114,
    "opcion_seleccionada": null,
    "valor_numerico": 2.0,
    "valor_texto": null,
    "opciones_multiple": []
  }
},
{
  "model": "forms.respuesta",
  "pk": 346,
  "fields": {
    "sesion": 41,
    "pregunta": 115,
    "opcion_seleccionada": null,
    "valor_numerico": 4.0,
    "valor_texto": null,
    "opciones_multiple": []
  }
},
{
  "model": "forms.respuesta",
  "pk": 347,
  "fields": {
    "sesion": 41,
    "pregunta": 116,
    "opcion_seleccionada": null,
    "valor_numerico": 4.0,
    "valor_texto": null,
    "opciones_multiple": []
  }
},
{
  "model": "forms.respuesta",
  "pk": 348,
  "fields": {
    "sesion": 41,
    "pregunta": 117,
    "opcion_seleccionada": null,
    "valor_numerico": 2.0,
    "valor_texto": null,
    "opciones_multiple": []
  }
},
{
  "model": "forms.respuesta",
  "pk": 349,
  "fields": {
    "sesion": 41,
    "pregunta": 118,
    "opcion_seleccionada": null,
    "valor_numerico": 2.0,
    "valor_texto": null,
    "opciones_multiple": []
  }
},
{
  "model": "forms.respuesta",
  "pk": 350,
  "fields": {
    "sesion": 41,
    "pregunta": 119,
    "opcion_seleccionada": null,
    "valor_numerico": 4.0,
    "valor_texto": null,
    "opciones_multiple": []
  }
},
{
  "model": "forms.respuesta",
  "pk": 351,
  "fields": {
    "sesion": 41,
    "pregunta": 120,
    "opcion_seleccionada": null,
    "valor_numerico": 2.0,
    "valor_texto": null,
    "opciones_multiple": []
  }
},
{
  "model": "forms.respuesta",
  "pk": 352,
  "fields": {
    "sesion": 41,
    "pregunta": 121,
    "opcion_seleccionada": null,
    "valor_numerico": 4.0,
    "valor_texto": null,
    "opciones_multiple": []
  }
},
{
  "model": "forms.respuesta",
  "pk": 353,
  "fields": {
    "sesion": 41,
    "pregunta": 122,
    "opcion_seleccionada": null,
    "valor_numerico": 2.0,
    "valor_texto": null,
    "opciones_multiple": []
  }
},
{
  "model": "forms.respuesta",
  "pk": 354,
  "fields": {
    "sesion": 41,
    "pregunta": 123,
    "opcion_seleccionada": null,
    "valor_numerico": 4.0,
    "valor_texto": null,
    "opciones_multiple": []
  }
},
{
  "model": "forms.respuesta",
  "pk": 355,
  "fields": {
    "sesion": 41,
    "pregunta": 124,
    "opcion_seleccionada": null,
    "valor_numerico": 2.0,
    "valor_texto": null,
    "opciones_multiple": []
  }
},
{
  "model": "forms.respuesta",
  "pk": 356,
  "fields": {
    "sesion": 41,
    "pregunta": 125,
    "opcion_seleccionada": null,
    "valor_numerico": 4.0,
    "valor_texto": null,
    "opciones_multiple": []
  }
},
{
  "model": "forms.respuesta",
  "pk": 357,
  "fields": {
    "sesion": 41,
    "pregunta": 126,
    "opcion_seleccionada": null,
    "valor_numerico": 3.0,
    "valor_texto": null,
    "opciones_multiple": []
  }
},
{
  "model": "forms.respuesta",
  "pk": 358,
  "fields": {
    "sesion": 41,
    "pregunta": 127,
    "opcion_seleccionada": null,
    "valor_numerico": 4.0,
    "valor_texto": null,
    "opciones_multiple": []
  }
},
{
  "model": "forms.respuesta",
  "pk": 359,
  "fields": {
    "sesion": 41,
    "pregunta": 128,
    "opcion_seleccionada": null,
    "valor_numerico": 2.0,
    "valor_texto": null,
    "opciones_multiple": []
  }
},
{
  "model": "forms.respuesta",
  "pk": 360,
  "fields": {
    "sesion": 41,
    "pregunta": 129,
    "opcion_seleccionada": null,
    "valor_numerico": 3.0,
    "valor_texto": null,
    "opciones_multiple": []
  }
},
{
  "model": "forms.respuesta",
  "pk": 361,
  "fields": {
    "sesion": 41,
    "pregunta": 130,
    "opcion_seleccionada": null,
    "valor_numerico": 2.0,
    "valor_texto": null,
    "opciones_multiple": []
  }
},
{
  "model": "forms.respuesta",
  "pk": 362,
  "fields": {
    "sesion": 41,
    "pregunta": 131,
    "opcion_seleccionada": null,
    "valor_numerico": 4.0,
    "valor_texto": null,
    "opciones_multiple": []
  }
},
{
  "model": "forms.respuesta",
  "pk": 363,
  "fields": {
    "sesion": 41,
    "pregunta": 132,
    "opcion_seleccionada": null,
    "valor_numerico": 2.0,
    "valor_texto": null,
    "opciones_multiple": []
  }
},
{
  "model": "forms.scoringprofile",
  "pk": 1,
  "fields": {
    "cuestionario": 20,
    "nombre": "Total",
    "activo": true,
    "algoritmo": "SUM",
    "creado": "2025-11-06T04:03:04.054Z"
  }
},
{
  "model": "forms.scoringprofile",
  "pk": 7,
  "fields": {
    "cuestionario": 35,
    "nombre": "Auto (SUM/AVG)",
    "activo": true,
    "algoritmo": "CUSTOM",
    "creado": "2026-01-22T04:24:32.462Z"
  }
},
{
  "model": "forms.scoringprofile",
  "pk": 8,
  "fields": {
    "cuestionario": 20,
    "nombre": "Auto (SUM/AVG)",
    "activo": true,
    "algoritmo": "SUM",
    "creado": "2026-01-23T01:39:02.194Z"
  }
},
{
  "model": "forms.scoringprofile",
  "pk": 15,
  "fields": {
    "cuestionario": 43,
    "nombre": "Auto (SUM/AVG)",
    "activo": true,
    "algoritmo": "CUSTOM",
    "creado": "2026-01-29T02:45:10.625Z"
  }
},
{
  "model": "forms.scoringprofile",
  "pk": 16,
  "fields": {
    "cuestionario": 44,
    "nombre": "Auto (SUM/AVG)",
    "activo": true,
    "algoritmo": "CUSTOM",
    "creado": "2026-02-01T00:37:37.261Z"
  }
},
{
  "model": "forms.scoringprofile",
  "pk": 17,
  "fields": {
    "cuestionario": 45,
    "nombre": "Auto (SUM/AVG)",
    "activo": true,
    "algoritmo": "CUSTOM",
    "creado": "2026-02-01T00:40:22.668Z"
  }
}
]
